ID,Product Name,Function,Platform,Category
AI-00001,Digital Tool #1,Task automation,CLI,AI Assistant
AI-00002,Finance Bot #2,Recommendation,Desktop,Health Tech
AI-00003,Marketing Engine #3,Smart scheduling,Web,Health Tech
AI-00004,Automation Script #4,Data analysis,API,Digital Tool
AI-00005,Automation Script #5,Smart scheduling,API,Marketing Engine
AI-00006,Automation Script #6,Creative design,Embedded,Marketing Engine
AI-00007,Education Module #7,Data analysis,Web,Digital Tool
AI-00008,Finance Bot #8,Content generation,Embedded,Cybersecurity Tool
AI-00009,IoT Device #9,Virtual simulation,Desktop,Digital Tool
AI-00010,Finance Bot #10,Recommendation,Web,Health Tech
AI-00011,Digital Tool #11,Customer support,CLI,Creative Generator
AI-00012,Digital Tool #12,Task automation,API,Marketing Engine
AI-00013,Digital Tool #13,Task automation,Desktop,Automation Script
AI-00014,Digital Tool #14,Customer support,API,Health Tech
AI-00015,Health Tech #15,Customer support,Embedded,Creative Generator
AI-00016,Cybersecurity Tool #16,Customer support,API,Marketing Engine
AI-00017,Cybersecurity Tool #17,Customer support,Web,Education Module
AI-00018,Cybersecurity Tool #18,Task automation,Desktop,Finance Bot
AI-00019,Education Module #19,Smart scheduling,Mobile,Finance Bot
AI-00020,IoT Device #20,Customer support,Mobile,Finance Bot
AI-00021,Automation Script #21,Recommendation,Desktop,Education Module
AI-00022,Finance Bot #22,Creative design,Mobile,Automation Script
AI-00023,Creative Generator #23,Translation,CLI,Cybersecurity Tool
AI-00024,Cybersecurity Tool #24,Smart scheduling,Desktop,Automation Script
AI-00025,Marketing Engine #25,Recommendation,Embedded,Cybersecurity Tool
AI-00026,Automation Script #26,Recommendation,Mobile,Health Tech
AI-00027,Marketing Engine #27,Customer support,API,Cybersecurity Tool
AI-00028,Creative Generator #28,Real-time monitoring,Embedded,IoT Device
AI-00029,Health Tech #29,Data analysis,CLI,AI Assistant
AI-00030,IoT Device #30,Translation,CLI,Marketing Engine
AI-00031,Health Tech #31,Customer support,CLI,Creative Generator
AI-00032,Education Module #32,Smart scheduling,Embedded,Cybersecurity Tool
AI-00033,IoT Device #33,Customer support,CLI,Digital Tool
AI-00034,Cybersecurity Tool #34,Customer support,CLI,Automation Script
AI-00035,IoT Device #35,Customer support,Web,Health Tech
AI-00036,Education Module #36,Data analysis,Mobile,IoT Device
AI-00037,Marketing Engine #37,Task automation,Web,Cybersecurity Tool
AI-00038,Health Tech #38,Real-time monitoring,API,Education Module
AI-00039,Finance Bot #39,Customer support,Web,IoT Device
AI-00040,Marketing Engine #40,Content generation,Web,IoT Device
AI-00041,Creative Generator #41,Smart scheduling,API,Education Module
AI-00042,Health Tech #42,Content generation,Desktop,Marketing Engine
AI-00043,Health Tech #43,Smart scheduling,API,Health Tech
AI-00044,Automation Script #44,Data analysis,API,IoT Device
AI-00045,Automation Script #45,Translation,Web,Automation Script
AI-00046,AI Assistant #46,Customer support,Desktop,Creative Generator
AI-00047,Creative Generator #47,Translation,CLI,Marketing Engine
AI-00048,Cybersecurity Tool #48,Customer support,API,Creative Generator
AI-00049,Finance Bot #49,Translation,API,Finance Bot
AI-00050,Finance Bot #50,Translation,Web,AI Assistant
AI-00051,Marketing Engine #51,Smart scheduling,Embedded,Digital Tool
AI-00052,Digital Tool #52,Data analysis,Mobile,Automation Script
AI-00053,Digital Tool #53,Recommendation,Web,Cybersecurity Tool
AI-00054,IoT Device #54,Recommendation,Desktop,Creative Generator
AI-00055,AI Assistant #55,Recommendation,Web,Finance Bot
AI-00056,Marketing Engine #56,Virtual simulation,CLI,Digital Tool
AI-00057,Finance Bot #57,Data analysis,Desktop,Digital Tool
AI-00058,Marketing Engine #58,Virtual simulation,Mobile,Cybersecurity Tool
AI-00059,AI Assistant #59,Translation,Embedded,Digital Tool
AI-00060,Health Tech #60,Recommendation,Mobile,Finance Bot
AI-00061,AI Assistant #61,Smart scheduling,Mobile,Cybersecurity Tool
AI-00062,Health Tech #62,Creative design,API,Marketing Engine
AI-00063,Marketing Engine #63,Virtual simulation,Desktop,AI Assistant
AI-00064,Education Module #64,Virtual simulation,Desktop,Cybersecurity Tool
AI-00065,Automation Script #65,Virtual simulation,API,Automation Script
AI-00066,Health Tech #66,Customer support,Embedded,Cybersecurity Tool
AI-00067,AI Assistant #67,Recommendation,CLI,Automation Script
AI-00068,Finance Bot #68,Virtual simulation,API,Marketing Engine
AI-00069,Marketing Engine #69,Translation,Desktop,Health Tech
AI-00070,Digital Tool #70,Recommendation,Web,Education Module
AI-00071,Automation Script #71,Virtual simulation,Embedded,AI Assistant
AI-00072,AI Assistant #72,Real-time monitoring,Desktop,Education Module
AI-00073,Finance Bot #73,Virtual simulation,API,Cybersecurity Tool
AI-00074,Cybersecurity Tool #74,Task automation,Embedded,Health Tech
AI-00075,Finance Bot #75,Translation,API,Finance Bot
AI-00076,IoT Device #76,Smart scheduling,CLI,IoT Device
AI-00077,Cybersecurity Tool #77,Smart scheduling,Embedded,Digital Tool
AI-00078,Cybersecurity Tool #78,Task automation,Web,Marketing Engine
AI-00079,Automation Script #79,Task automation,Web,IoT Device
AI-00080,Cybersecurity Tool #80,Task automation,Embedded,IoT Device
AI-00081,Creative Generator #81,Creative design,API,Finance Bot
AI-00082,Marketing Engine #82,Real-time monitoring,CLI,Automation Script
AI-00083,Automation Script #83,Recommendation,Web,Education Module
AI-00084,Education Module #84,Customer support,Embedded,Education Module
AI-00085,Cybersecurity Tool #85,Real-time monitoring,Embedded,Finance Bot
AI-00086,Education Module #86,Real-time monitoring,Embedded,Education Module
AI-00087,Automation Script #87,Virtual simulation,CLI,IoT Device
AI-00088,IoT Device #88,Creative design,Web,Marketing Engine
AI-00089,Finance Bot #89,Creative design,CLI,AI Assistant
AI-00090,AI Assistant #90,Data analysis,CLI,AI Assistant
AI-00091,IoT Device #91,Virtual simulation,Desktop,Education Module
AI-00092,IoT Device #92,Smart scheduling,Desktop,Automation Script
AI-00093,Automation Script #93,Smart scheduling,API,Finance Bot
AI-00094,Digital Tool #94,Virtual simulation,API,IoT Device
AI-00095,Cybersecurity Tool #95,Virtual simulation,Embedded,Health Tech
AI-00096,Digital Tool #96,Recommendation,Mobile,Health Tech
AI-00097,Automation Script #97,Recommendation,Web,Marketing Engine
AI-00098,IoT Device #98,Customer support,CLI,Marketing Engine
AI-00099,IoT Device #99,Real-time monitoring,CLI,Cybersecurity Tool
AI-00100,IoT Device #100,Real-time monitoring,Mobile,Finance Bot
AI-00101,AI Assistant #101,Translation,Desktop,Education Module
AI-00102,Digital Tool #102,Task automation,Embedded,Health Tech
AI-00103,Creative Generator #103,Data analysis,API,Finance Bot
AI-00104,Education Module #104,Smart scheduling,CLI,Finance Bot
AI-00105,Finance Bot #105,Data analysis,Desktop,Automation Script
AI-00106,IoT Device #106,Task automation,CLI,IoT Device
AI-00107,Finance Bot #107,Recommendation,Mobile,Digital Tool
AI-00108,Marketing Engine #108,Virtual simulation,Web,Cybersecurity Tool
AI-00109,AI Assistant #109,Task automation,Embedded,Cybersecurity Tool
AI-00110,Automation Script #110,Customer support,Desktop,IoT Device
AI-00111,IoT Device #111,Real-time monitoring,Mobile,Cybersecurity Tool
AI-00112,Creative Generator #112,Translation,API,Cybersecurity Tool
AI-00113,Finance Bot #113,Data analysis,CLI,AI Assistant
AI-00114,Cybersecurity Tool #114,Task automation,Desktop,Cybersecurity Tool
AI-00115,Creative Generator #115,Translation,Web,Digital Tool
AI-00116,Automation Script #116,Customer support,Mobile,Finance Bot
AI-00117,Cybersecurity Tool #117,Smart scheduling,Desktop,Creative Generator
AI-00118,IoT Device #118,Smart scheduling,API,IoT Device
AI-00119,IoT Device #119,Recommendation,API,Creative Generator
AI-00120,Finance Bot #120,Creative design,CLI,AI Assistant
AI-00121,Cybersecurity Tool #121,Translation,CLI,Finance Bot
AI-00122,Automation Script #122,Task automation,Mobile,AI Assistant
AI-00123,Finance Bot #123,Smart scheduling,Desktop,Finance Bot
AI-00124,Marketing Engine #124,Virtual simulation,Embedded,Automation Script
AI-00125,IoT Device #125,Creative design,API,Cybersecurity Tool
AI-00126,Health Tech #126,Task automation,Desktop,IoT Device
AI-00127,Digital Tool #127,Smart scheduling,Embedded,Finance Bot
AI-00128,IoT Device #128,Task automation,Mobile,AI Assistant
AI-00129,Marketing Engine #129,Creative design,API,Digital Tool
AI-00130,Health Tech #130,Content generation,API,Marketing Engine
AI-00131,Health Tech #131,Real-time monitoring,Mobile,Automation Script
AI-00132,Automation Script #132,Customer support,Mobile,IoT Device
AI-00133,Health Tech #133,Content generation,Embedded,IoT Device
AI-00134,AI Assistant #134,Customer support,Desktop,Education Module
AI-00135,AI Assistant #135,Creative design,Desktop,Finance Bot
AI-00136,Marketing Engine #136,Customer support,CLI,IoT Device
AI-00137,Marketing Engine #137,Smart scheduling,CLI,AI Assistant
AI-00138,Digital Tool #138,Virtual simulation,Desktop,Creative Generator
AI-00139,Digital Tool #139,Translation,Web,Automation Script
AI-00140,IoT Device #140,Data analysis,CLI,Health Tech
AI-00141,Education Module #141,Data analysis,Web,IoT Device
AI-00142,Health Tech #142,Task automation,Mobile,Finance Bot
AI-00143,AI Assistant #143,Content generation,Web,Health Tech
AI-00144,Education Module #144,Task automation,Mobile,Finance Bot
AI-00145,Automation Script #145,Data analysis,API,Automation Script
AI-00146,Cybersecurity Tool #146,Data analysis,Mobile,Automation Script
AI-00147,AI Assistant #147,Virtual simulation,Embedded,Education Module
AI-00148,Finance Bot #148,Content generation,Mobile,Education Module
AI-00149,Education Module #149,Creative design,Embedded,Health Tech
AI-00150,Finance Bot #150,Real-time monitoring,Mobile,IoT Device
AI-00151,Creative Generator #151,Creative design,API,Education Module
AI-00152,Cybersecurity Tool #152,Smart scheduling,API,Cybersecurity Tool
AI-00153,IoT Device #153,Creative design,Embedded,Automation Script
AI-00154,AI Assistant #154,Smart scheduling,CLI,Digital Tool
AI-00155,Finance Bot #155,Real-time monitoring,Desktop,Creative Generator
AI-00156,Marketing Engine #156,Real-time monitoring,Embedded,Finance Bot
AI-00157,Automation Script #157,Creative design,Web,IoT Device
AI-00158,Health Tech #158,Virtual simulation,API,Digital Tool
AI-00159,Creative Generator #159,Recommendation,Web,AI Assistant
AI-00160,Education Module #160,Recommendation,Embedded,Health Tech
AI-00161,IoT Device #161,Recommendation,Mobile,Finance Bot
AI-00162,Health Tech #162,Content generation,CLI,Automation Script
AI-00163,Creative Generator #163,Creative design,Web,AI Assistant
AI-00164,Creative Generator #164,Content generation,Desktop,Health Tech
AI-00165,Cybersecurity Tool #165,Smart scheduling,Embedded,Digital Tool
AI-00166,Automation Script #166,Smart scheduling,Embedded,Cybersecurity Tool
AI-00167,Finance Bot #167,Data analysis,Desktop,Education Module
AI-00168,Education Module #168,Translation,API,Creative Generator
AI-00169,Marketing Engine #169,Translation,Mobile,Marketing Engine
AI-00170,AI Assistant #170,Task automation,Mobile,IoT Device
AI-00171,IoT Device #171,Creative design,CLI,Creative Generator
AI-00172,Cybersecurity Tool #172,Smart scheduling,Embedded,Cybersecurity Tool
AI-00173,Health Tech #173,Smart scheduling,CLI,Digital Tool
AI-00174,Creative Generator #174,Smart scheduling,Mobile,Marketing Engine
AI-00175,Automation Script #175,Data analysis,Web,AI Assistant
AI-00176,Finance Bot #176,Creative design,Embedded,Creative Generator
AI-00177,Education Module #177,Smart scheduling,CLI,Creative Generator
AI-00178,Marketing Engine #178,Recommendation,Web,Marketing Engine
AI-00179,Cybersecurity Tool #179,Task automation,Embedded,Cybersecurity Tool
AI-00180,AI Assistant #180,Customer support,API,Cybersecurity Tool
AI-00181,Education Module #181,Content generation,Desktop,Education Module
AI-00182,Education Module #182,Content generation,API,Cybersecurity Tool
AI-00183,IoT Device #183,Recommendation,API,Health Tech
AI-00184,Creative Generator #184,Content generation,CLI,Finance Bot
AI-00185,Creative Generator #185,Data analysis,Embedded,AI Assistant
AI-00186,Cybersecurity Tool #186,Virtual simulation,CLI,Finance Bot
AI-00187,Education Module #187,Recommendation,Web,Digital Tool
AI-00188,Health Tech #188,Creative design,Mobile,Digital Tool
AI-00189,AI Assistant #189,Real-time monitoring,API,Creative Generator
AI-00190,Cybersecurity Tool #190,Smart scheduling,API,Digital Tool
AI-00191,AI Assistant #191,Data analysis,CLI,IoT Device
AI-00192,Health Tech #192,Content generation,Mobile,Health Tech
AI-00193,Digital Tool #193,Creative design,Embedded,Cybersecurity Tool
AI-00194,AI Assistant #194,Recommendation,Web,Cybersecurity Tool
AI-00195,Automation Script #195,Data analysis,API,Education Module
AI-00196,Finance Bot #196,Task automation,Mobile,Cybersecurity Tool
AI-00197,Digital Tool #197,Translation,Desktop,Creative Generator
AI-00198,Health Tech #198,Customer support,Mobile,Digital Tool
AI-00199,AI Assistant #199,Data analysis,CLI,IoT Device
AI-00200,Marketing Engine #200,Customer support,Embedded,Health Tech
AI-00201,AI Assistant #201,Data analysis,Mobile,Cybersecurity Tool
AI-00202,Automation Script #202,Data analysis,Web,Health Tech
AI-00203,Finance Bot #203,Task automation,Web,Marketing Engine
AI-00204,Automation Script #204,Content generation,Embedded,Health Tech
AI-00205,Education Module #205,Real-time monitoring,Embedded,Digital Tool
AI-00206,Automation Script #206,Translation,Mobile,IoT Device
AI-00207,IoT Device #207,Translation,API,IoT Device
AI-00208,Creative Generator #208,Recommendation,Embedded,Education Module
AI-00209,Creative Generator #209,Recommendation,Embedded,Health Tech
AI-00210,IoT Device #210,Recommendation,CLI,Health Tech
AI-00211,AI Assistant #211,Recommendation,Embedded,Creative Generator
AI-00212,Automation Script #212,Recommendation,Embedded,Marketing Engine
AI-00213,Finance Bot #213,Data analysis,Mobile,Digital Tool
AI-00214,IoT Device #214,Content generation,Desktop,AI Assistant
AI-00215,Health Tech #215,Translation,API,Finance Bot
AI-00216,Education Module #216,Smart scheduling,Web,Digital Tool
AI-00217,AI Assistant #217,Recommendation,Desktop,IoT Device
AI-00218,IoT Device #218,Task automation,API,Creative Generator
AI-00219,Finance Bot #219,Task automation,API,Education Module
AI-00220,Education Module #220,Virtual simulation,Mobile,AI Assistant
AI-00221,Cybersecurity Tool #221,Customer support,Web,Health Tech
AI-00222,Finance Bot #222,Task automation,CLI,IoT Device
AI-00223,IoT Device #223,Creative design,Mobile,Finance Bot
AI-00224,Marketing Engine #224,Creative design,Desktop,Cybersecurity Tool
AI-00225,Finance Bot #225,Translation,API,Health Tech
AI-00226,Health Tech #226,Virtual simulation,Web,Automation Script
AI-00227,Health Tech #227,Data analysis,CLI,IoT Device
AI-00228,Creative Generator #228,Customer support,API,Automation Script
AI-00229,Finance Bot #229,Real-time monitoring,Mobile,Marketing Engine
AI-00230,Marketing Engine #230,Creative design,Mobile,Cybersecurity Tool
AI-00231,AI Assistant #231,Translation,Mobile,Creative Generator
AI-00232,Finance Bot #232,Content generation,Mobile,Health Tech
AI-00233,AI Assistant #233,Task automation,Mobile,AI Assistant
AI-00234,AI Assistant #234,Recommendation,Desktop,Finance Bot
AI-00235,Cybersecurity Tool #235,Recommendation,Web,Digital Tool
AI-00236,Automation Script #236,Real-time monitoring,CLI,Education Module
AI-00237,Health Tech #237,Creative design,Embedded,Digital Tool
AI-00238,Digital Tool #238,Creative design,Embedded,Finance Bot
AI-00239,Health Tech #239,Customer support,Desktop,Health Tech
AI-00240,Cybersecurity Tool #240,Task automation,Web,AI Assistant
AI-00241,Marketing Engine #241,Smart scheduling,API,Education Module
AI-00242,Health Tech #242,Content generation,Embedded,Marketing Engine
AI-00243,Marketing Engine #243,Virtual simulation,CLI,Cybersecurity Tool
AI-00244,Education Module #244,Smart scheduling,Embedded,Health Tech
AI-00245,Creative Generator #245,Task automation,Embedded,Automation Script
AI-00246,Marketing Engine #246,Creative design,Desktop,Marketing Engine
AI-00247,Education Module #247,Data analysis,Mobile,Cybersecurity Tool
AI-00248,IoT Device #248,Data analysis,Desktop,Automation Script
AI-00249,Finance Bot #249,Content generation,Mobile,AI Assistant
AI-00250,Automation Script #250,Content generation,Mobile,Education Module
AI-00251,Automation Script #251,Translation,Desktop,Marketing Engine
AI-00252,Cybersecurity Tool #252,Recommendation,Desktop,Marketing Engine
AI-00253,IoT Device #253,Data analysis,Mobile,Marketing Engine
AI-00254,IoT Device #254,Creative design,API,IoT Device
AI-00255,Automation Script #255,Real-time monitoring,CLI,Marketing Engine
AI-00256,Marketing Engine #256,Virtual simulation,API,AI Assistant
AI-00257,Finance Bot #257,Recommendation,Desktop,Health Tech
AI-00258,IoT Device #258,Real-time monitoring,CLI,Cybersecurity Tool
AI-00259,Automation Script #259,Translation,API,Digital Tool
AI-00260,Digital Tool #260,Customer support,Embedded,Creative Generator
AI-00261,AI Assistant #261,Translation,CLI,IoT Device
AI-00262,Finance Bot #262,Virtual simulation,Web,Finance Bot
AI-00263,Creative Generator #263,Task automation,Mobile,Digital Tool
AI-00264,Health Tech #264,Recommendation,Desktop,IoT Device
AI-00265,Automation Script #265,Translation,Desktop,Digital Tool
AI-00266,IoT Device #266,Data analysis,Mobile,Digital Tool
AI-00267,Digital Tool #267,Virtual simulation,API,IoT Device
AI-00268,Education Module #268,Creative design,Web,Automation Script
AI-00269,Finance Bot #269,Creative design,Web,Cybersecurity Tool
AI-00270,Automation Script #270,Data analysis,Embedded,IoT Device
AI-00271,Creative Generator #271,Translation,CLI,Education Module
AI-00272,Marketing Engine #272,Smart scheduling,Desktop,AI Assistant
AI-00273,Creative Generator #273,Data analysis,Web,Education Module
AI-00274,AI Assistant #274,Content generation,CLI,IoT Device
AI-00275,Digital Tool #275,Smart scheduling,CLI,Digital Tool
AI-00276,AI Assistant #276,Virtual simulation,CLI,AI Assistant
AI-00277,Health Tech #277,Smart scheduling,Web,Automation Script
AI-00278,IoT Device #278,Translation,CLI,Creative Generator
AI-00279,Cybersecurity Tool #279,Translation,Embedded,Marketing Engine
AI-00280,Finance Bot #280,Customer support,Mobile,AI Assistant
AI-00281,IoT Device #281,Task automation,API,Creative Generator
AI-00282,Creative Generator #282,Data analysis,Mobile,Marketing Engine
AI-00283,AI Assistant #283,Recommendation,Desktop,Marketing Engine
AI-00284,Finance Bot #284,Smart scheduling,Desktop,Education Module
AI-00285,Education Module #285,Smart scheduling,Embedded,Automation Script
AI-00286,Education Module #286,Real-time monitoring,Web,Automation Script
AI-00287,IoT Device #287,Creative design,Web,Marketing Engine
AI-00288,Marketing Engine #288,Smart scheduling,API,IoT Device
AI-00289,Finance Bot #289,Data analysis,CLI,IoT Device
AI-00290,Health Tech #290,Customer support,Mobile,Automation Script
AI-00291,Marketing Engine #291,Data analysis,CLI,Cybersecurity Tool
AI-00292,AI Assistant #292,Translation,CLI,Cybersecurity Tool
AI-00293,Automation Script #293,Virtual simulation,Embedded,Health Tech
AI-00294,Health Tech #294,Creative design,Web,Digital Tool
AI-00295,Marketing Engine #295,Virtual simulation,CLI,Marketing Engine
AI-00296,Creative Generator #296,Translation,Web,Finance Bot
AI-00297,IoT Device #297,Customer support,Web,IoT Device
AI-00298,Health Tech #298,Virtual simulation,Embedded,AI Assistant
AI-00299,Finance Bot #299,Translation,Desktop,Health Tech
AI-00300,IoT Device #300,Recommendation,Web,Finance Bot
AI-00301,Health Tech #301,Smart scheduling,API,Education Module
AI-00302,IoT Device #302,Task automation,CLI,IoT Device
AI-00303,Automation Script #303,Virtual simulation,API,Health Tech
AI-00304,Cybersecurity Tool #304,Real-time monitoring,Mobile,IoT Device
AI-00305,Automation Script #305,Data analysis,Web,Digital Tool
AI-00306,IoT Device #306,Creative design,Mobile,Automation Script
AI-00307,Automation Script #307,Smart scheduling,Embedded,Marketing Engine
AI-00308,AI Assistant #308,Customer support,Embedded,Digital Tool
AI-00309,Education Module #309,Task automation,API,Digital Tool
AI-00310,Creative Generator #310,Data analysis,Embedded,Cybersecurity Tool
AI-00311,AI Assistant #311,Data analysis,CLI,IoT Device
AI-00312,Cybersecurity Tool #312,Data analysis,Mobile,AI Assistant
AI-00313,Cybersecurity Tool #313,Creative design,CLI,Marketing Engine
AI-00314,Creative Generator #314,Customer support,Mobile,Marketing Engine
AI-00315,Health Tech #315,Data analysis,Mobile,Digital Tool
AI-00316,Creative Generator #316,Data analysis,Web,Finance Bot
AI-00317,Finance Bot #317,Real-time monitoring,Web,Automation Script
AI-00318,Digital Tool #318,Customer support,Mobile,Automation Script
AI-00319,Marketing Engine #319,Virtual simulation,Mobile,AI Assistant
AI-00320,Education Module #320,Customer support,API,Automation Script
AI-00321,Creative Generator #321,Content generation,Web,Finance Bot
AI-00322,Cybersecurity Tool #322,Recommendation,Mobile,IoT Device
AI-00323,Education Module #323,Virtual simulation,API,Marketing Engine
AI-00324,IoT Device #324,Creative design,Mobile,AI Assistant
AI-00325,Creative Generator #325,Content generation,API,Education Module
AI-00326,Automation Script #326,Virtual simulation,CLI,Digital Tool
AI-00327,Education Module #327,Virtual simulation,Mobile,Finance Bot
AI-00328,AI Assistant #328,Customer support,Mobile,Cybersecurity Tool
AI-00329,AI Assistant #329,Content generation,Embedded,Automation Script
AI-00330,Marketing Engine #330,Smart scheduling,Mobile,IoT Device
AI-00331,Health Tech #331,Data analysis,Web,AI Assistant
AI-00332,Digital Tool #332,Real-time monitoring,API,IoT Device
AI-00333,Education Module #333,Customer support,CLI,Education Module
AI-00334,Cybersecurity Tool #334,Data analysis,Web,Education Module
AI-00335,Marketing Engine #335,Smart scheduling,CLI,Health Tech
AI-00336,AI Assistant #336,Virtual simulation,Web,Digital Tool
AI-00337,Education Module #337,Content generation,Mobile,IoT Device
AI-00338,IoT Device #338,Recommendation,Embedded,Creative Generator
AI-00339,IoT Device #339,Creative design,Web,Finance Bot
AI-00340,Cybersecurity Tool #340,Translation,Mobile,Marketing Engine
AI-00341,Cybersecurity Tool #341,Smart scheduling,CLI,IoT Device
AI-00342,IoT Device #342,Smart scheduling,Web,Finance Bot
AI-00343,Marketing Engine #343,Customer support,Mobile,Marketing Engine
AI-00344,Marketing Engine #344,Content generation,CLI,Finance Bot
AI-00345,Education Module #345,Translation,Embedded,Education Module
AI-00346,Health Tech #346,Task automation,Web,Finance Bot
AI-00347,Health Tech #347,Data analysis,Embedded,Automation Script
AI-00348,Creative Generator #348,Real-time monitoring,API,IoT Device
AI-00349,Education Module #349,Customer support,CLI,IoT Device
AI-00350,Health Tech #350,Real-time monitoring,Mobile,AI Assistant
AI-00351,Creative Generator #351,Content generation,CLI,Finance Bot
AI-00352,Creative Generator #352,Content generation,Embedded,Automation Script
AI-00353,Automation Script #353,Data analysis,Desktop,Creative Generator
AI-00354,IoT Device #354,Translation,API,Automation Script
AI-00355,Marketing Engine #355,Data analysis,Embedded,Digital Tool
AI-00356,Health Tech #356,Task automation,Desktop,Health Tech
AI-00357,IoT Device #357,Recommendation,Web,Health Tech
AI-00358,AI Assistant #358,Translation,Desktop,Automation Script
AI-00359,Education Module #359,Virtual simulation,API,Digital Tool
AI-00360,Digital Tool #360,Smart scheduling,API,Health Tech
AI-00361,Marketing Engine #361,Real-time monitoring,Mobile,AI Assistant
AI-00362,AI Assistant #362,Translation,Embedded,Automation Script
AI-00363,Automation Script #363,Task automation,Mobile,AI Assistant
AI-00364,Creative Generator #364,Translation,Desktop,AI Assistant
AI-00365,Automation Script #365,Virtual simulation,API,Cybersecurity Tool
AI-00366,Health Tech #366,Creative design,CLI,Finance Bot
AI-00367,Finance Bot #367,Real-time monitoring,Desktop,Creative Generator
AI-00368,Marketing Engine #368,Customer support,CLI,Automation Script
AI-00369,Creative Generator #369,Data analysis,Mobile,Finance Bot
AI-00370,Creative Generator #370,Creative design,Desktop,Cybersecurity Tool
AI-00371,Education Module #371,Creative design,API,IoT Device
AI-00372,Creative Generator #372,Task automation,Embedded,Automation Script
AI-00373,Automation Script #373,Content generation,CLI,Creative Generator
AI-00374,Health Tech #374,Smart scheduling,Embedded,Digital Tool
AI-00375,Cybersecurity Tool #375,Real-time monitoring,Embedded,Automation Script
AI-00376,Health Tech #376,Recommendation,Embedded,Automation Script
AI-00377,Education Module #377,Smart scheduling,Desktop,Marketing Engine
AI-00378,Health Tech #378,Task automation,Web,IoT Device
AI-00379,Cybersecurity Tool #379,Creative design,Mobile,Finance Bot
AI-00380,Marketing Engine #380,Customer support,Mobile,AI Assistant
AI-00381,Automation Script #381,Translation,Mobile,Automation Script
AI-00382,Automation Script #382,Data analysis,Embedded,Marketing Engine
AI-00383,Health Tech #383,Data analysis,Mobile,Health Tech
AI-00384,Cybersecurity Tool #384,Data analysis,API,IoT Device
AI-00385,Automation Script #385,Real-time monitoring,Desktop,Education Module
AI-00386,AI Assistant #386,Real-time monitoring,Web,Finance Bot
AI-00387,Marketing Engine #387,Smart scheduling,CLI,Finance Bot
AI-00388,Finance Bot #388,Smart scheduling,CLI,Health Tech
AI-00389,Digital Tool #389,Virtual simulation,CLI,AI Assistant
AI-00390,Automation Script #390,Smart scheduling,Embedded,Health Tech
AI-00391,Creative Generator #391,Creative design,CLI,AI Assistant
AI-00392,Education Module #392,Recommendation,Embedded,Marketing Engine
AI-00393,Marketing Engine #393,Customer support,Mobile,Health Tech
AI-00394,Automation Script #394,Content generation,Web,Cybersecurity Tool
AI-00395,Digital Tool #395,Content generation,Desktop,IoT Device
AI-00396,AI Assistant #396,Real-time monitoring,Desktop,Automation Script
AI-00397,IoT Device #397,Data analysis,Desktop,Education Module
AI-00398,Cybersecurity Tool #398,Smart scheduling,CLI,AI Assistant
AI-00399,Finance Bot #399,Creative design,Desktop,Finance Bot
AI-00400,IoT Device #400,Translation,API,Marketing Engine
AI-00401,Creative Generator #401,Customer support,Desktop,Digital Tool
AI-00402,Creative Generator #402,Translation,Mobile,Finance Bot
AI-00403,Cybersecurity Tool #403,Real-time monitoring,CLI,Creative Generator
AI-00404,Creative Generator #404,Real-time monitoring,Embedded,Education Module
AI-00405,AI Assistant #405,Content generation,CLI,Finance Bot
AI-00406,Cybersecurity Tool #406,Customer support,Embedded,Education Module
AI-00407,IoT Device #407,Creative design,Desktop,Creative Generator
AI-00408,Finance Bot #408,Data analysis,CLI,Finance Bot
AI-00409,Cybersecurity Tool #409,Creative design,Desktop,Cybersecurity Tool
AI-00410,AI Assistant #410,Customer support,Embedded,Cybersecurity Tool
AI-00411,Marketing Engine #411,Creative design,Web,Cybersecurity Tool
AI-00412,AI Assistant #412,Task automation,Mobile,AI Assistant
AI-00413,Digital Tool #413,Smart scheduling,Web,Finance Bot
AI-00414,Automation Script #414,Recommendation,API,IoT Device
AI-00415,Digital Tool #415,Virtual simulation,Desktop,AI Assistant
AI-00416,Cybersecurity Tool #416,Translation,Embedded,Education Module
AI-00417,Education Module #417,Virtual simulation,Desktop,IoT Device
AI-00418,AI Assistant #418,Data analysis,Mobile,Education Module
AI-00419,Marketing Engine #419,Creative design,API,Digital Tool
AI-00420,AI Assistant #420,Translation,Desktop,Automation Script
AI-00421,Finance Bot #421,Smart scheduling,Mobile,Marketing Engine
AI-00422,Health Tech #422,Recommendation,API,IoT Device
AI-00423,Cybersecurity Tool #423,Recommendation,Embedded,Health Tech
AI-00424,Marketing Engine #424,Virtual simulation,Web,Marketing Engine
AI-00425,Marketing Engine #425,Virtual simulation,Desktop,Creative Generator
AI-00426,Automation Script #426,Recommendation,Mobile,IoT Device
AI-00427,Finance Bot #427,Task automation,CLI,Digital Tool
AI-00428,Education Module #428,Smart scheduling,CLI,Education Module
AI-00429,AI Assistant #429,Recommendation,Mobile,AI Assistant
AI-00430,IoT Device #430,Data analysis,Desktop,Cybersecurity Tool
AI-00431,Digital Tool #431,Real-time monitoring,Web,Education Module
AI-00432,Creative Generator #432,Task automation,API,Health Tech
AI-00433,Marketing Engine #433,Virtual simulation,CLI,Marketing Engine
AI-00434,IoT Device #434,Data analysis,Web,Health Tech
AI-00435,Digital Tool #435,Translation,Web,Marketing Engine
AI-00436,Marketing Engine #436,Customer support,CLI,Education Module
AI-00437,Automation Script #437,Content generation,API,Finance Bot
AI-00438,Automation Script #438,Smart scheduling,Desktop,Cybersecurity Tool
AI-00439,Cybersecurity Tool #439,Data analysis,Web,Creative Generator
AI-00440,Finance Bot #440,Translation,Mobile,Digital Tool
AI-00441,Marketing Engine #441,Task automation,Web,IoT Device
AI-00442,Creative Generator #442,Recommendation,CLI,Finance Bot
AI-00443,Digital Tool #443,Real-time monitoring,Embedded,Finance Bot
AI-00444,Health Tech #444,Data analysis,Desktop,Cybersecurity Tool
AI-00445,Automation Script #445,Virtual simulation,API,Automation Script
AI-00446,Finance Bot #446,Real-time monitoring,CLI,Creative Generator
AI-00447,Digital Tool #447,Virtual simulation,Embedded,Digital Tool
AI-00448,Health Tech #448,Recommendation,Mobile,Automation Script
AI-00449,Cybersecurity Tool #449,Creative design,API,Education Module
AI-00450,Creative Generator #450,Creative design,CLI,Marketing Engine
AI-00451,Education Module #451,Customer support,Mobile,Finance Bot
AI-00452,Digital Tool #452,Recommendation,API,Digital Tool
AI-00453,Creative Generator #453,Recommendation,Embedded,Health Tech
AI-00454,Automation Script #454,Smart scheduling,API,Education Module
AI-00455,IoT Device #455,Recommendation,Embedded,AI Assistant
AI-00456,Finance Bot #456,Smart scheduling,Embedded,AI Assistant
AI-00457,Creative Generator #457,Content generation,Web,Marketing Engine
AI-00458,Digital Tool #458,Creative design,API,Cybersecurity Tool
AI-00459,Digital Tool #459,Task automation,API,AI Assistant
AI-00460,AI Assistant #460,Translation,API,Finance Bot
AI-00461,Education Module #461,Virtual simulation,Web,AI Assistant
AI-00462,AI Assistant #462,Translation,Embedded,Automation Script
AI-00463,Automation Script #463,Translation,Desktop,Finance Bot
AI-00464,Digital Tool #464,Recommendation,CLI,AI Assistant
AI-00465,IoT Device #465,Recommendation,API,IoT Device
AI-00466,Education Module #466,Recommendation,API,Automation Script
AI-00467,IoT Device #467,Recommendation,API,Digital Tool
AI-00468,Automation Script #468,Recommendation,CLI,Cybersecurity Tool
AI-00469,Health Tech #469,Data analysis,API,Finance Bot
AI-00470,Cybersecurity Tool #470,Real-time monitoring,CLI,Digital Tool
AI-00471,Education Module #471,Task automation,Mobile,Finance Bot
AI-00472,Cybersecurity Tool #472,Translation,Web,IoT Device
AI-00473,Education Module #473,Content generation,Mobile,Education Module
AI-00474,Automation Script #474,Recommendation,Desktop,Finance Bot
AI-00475,IoT Device #475,Real-time monitoring,Mobile,Marketing Engine
AI-00476,Automation Script #476,Data analysis,Web,Digital Tool
AI-00477,Marketing Engine #477,Smart scheduling,Web,Creative Generator
AI-00478,Finance Bot #478,Recommendation,Web,Cybersecurity Tool
AI-00479,Education Module #479,Translation,CLI,Automation Script
AI-00480,Creative Generator #480,Data analysis,CLI,IoT Device
AI-00481,Cybersecurity Tool #481,Creative design,API,Creative Generator
AI-00482,Digital Tool #482,Data analysis,Mobile,Finance Bot
AI-00483,Marketing Engine #483,Customer support,Web,Health Tech
AI-00484,AI Assistant #484,Customer support,Web,IoT Device
AI-00485,IoT Device #485,Creative design,Mobile,AI Assistant
AI-00486,Digital Tool #486,Real-time monitoring,Embedded,IoT Device
AI-00487,Health Tech #487,Data analysis,CLI,AI Assistant
AI-00488,AI Assistant #488,Creative design,API,Cybersecurity Tool
AI-00489,Automation Script #489,Smart scheduling,Web,Automation Script
AI-00490,Education Module #490,Content generation,Web,Cybersecurity Tool
AI-00491,Cybersecurity Tool #491,Creative design,CLI,Marketing Engine
AI-00492,Education Module #492,Task automation,API,Finance Bot
AI-00493,Marketing Engine #493,Smart scheduling,Web,Finance Bot
AI-00494,IoT Device #494,Smart scheduling,API,Digital Tool
AI-00495,Cybersecurity Tool #495,Task automation,Desktop,Marketing Engine
AI-00496,Finance Bot #496,Smart scheduling,Embedded,IoT Device
AI-00497,Creative Generator #497,Virtual simulation,Desktop,IoT Device
AI-00498,Health Tech #498,Virtual simulation,Web,Finance Bot
AI-00499,Education Module #499,Real-time monitoring,CLI,IoT Device
AI-00500,Health Tech #500,Recommendation,API,Cybersecurity Tool
AI-00501,Marketing Engine #501,Task automation,Mobile,Marketing Engine
AI-00502,AI Assistant #502,Smart scheduling,Web,Digital Tool
AI-00503,Education Module #503,Creative design,Desktop,Digital Tool
AI-00504,Marketing Engine #504,Translation,Web,Marketing Engine
AI-00505,Creative Generator #505,Smart scheduling,CLI,Finance Bot
AI-00506,Finance Bot #506,Creative design,Desktop,Cybersecurity Tool
AI-00507,IoT Device #507,Real-time monitoring,Mobile,Health Tech
AI-00508,Automation Script #508,Task automation,API,Creative Generator
AI-00509,IoT Device #509,Recommendation,Desktop,Education Module
AI-00510,Cybersecurity Tool #510,Customer support,Embedded,IoT Device
AI-00511,Automation Script #511,Content generation,CLI,Cybersecurity Tool
AI-00512,Cybersecurity Tool #512,Content generation,Embedded,Creative Generator
AI-00513,Finance Bot #513,Recommendation,CLI,Creative Generator
AI-00514,Education Module #514,Translation,Mobile,Education Module
AI-00515,Digital Tool #515,Customer support,API,Automation Script
AI-00516,Marketing Engine #516,Virtual simulation,CLI,Automation Script
AI-00517,IoT Device #517,Data analysis,Web,Automation Script
AI-00518,Health Tech #518,Translation,API,Marketing Engine
AI-00519,IoT Device #519,Real-time monitoring,CLI,AI Assistant
AI-00520,Digital Tool #520,Content generation,Web,Cybersecurity Tool
AI-00521,Cybersecurity Tool #521,Recommendation,Mobile,Cybersecurity Tool
AI-00522,Education Module #522,Recommendation,Mobile,Cybersecurity Tool
AI-00523,Education Module #523,Content generation,CLI,Digital Tool
AI-00524,Digital Tool #524,Customer support,Mobile,AI Assistant
AI-00525,AI Assistant #525,Translation,Web,Health Tech
AI-00526,Health Tech #526,Translation,API,Finance Bot
AI-00527,AI Assistant #527,Creative design,Web,Health Tech
AI-00528,AI Assistant #528,Smart scheduling,API,Health Tech
AI-00529,IoT Device #529,Smart scheduling,Desktop,Digital Tool
AI-00530,Automation Script #530,Recommendation,Desktop,AI Assistant
AI-00531,Automation Script #531,Translation,Desktop,Cybersecurity Tool
AI-00532,Cybersecurity Tool #532,Content generation,API,AI Assistant
AI-00533,Cybersecurity Tool #533,Customer support,Embedded,Education Module
AI-00534,Creative Generator #534,Smart scheduling,API,Creative Generator
AI-00535,Creative Generator #535,Creative design,Embedded,Education Module
AI-00536,AI Assistant #536,Virtual simulation,API,Health Tech
AI-00537,Cybersecurity Tool #537,Creative design,Desktop,Marketing Engine
AI-00538,IoT Device #538,Content generation,Mobile,Cybersecurity Tool
AI-00539,Digital Tool #539,Virtual simulation,Desktop,Health Tech
AI-00540,Finance Bot #540,Content generation,CLI,Automation Script
AI-00541,Education Module #541,Smart scheduling,Desktop,Creative Generator
AI-00542,Cybersecurity Tool #542,Customer support,Mobile,Finance Bot
AI-00543,Finance Bot #543,Data analysis,Web,Finance Bot
AI-00544,Cybersecurity Tool #544,Smart scheduling,Desktop,IoT Device
AI-00545,Automation Script #545,Content generation,Web,Creative Generator
AI-00546,Digital Tool #546,Virtual simulation,Embedded,Finance Bot
AI-00547,Education Module #547,Customer support,CLI,Education Module
AI-00548,Marketing Engine #548,Data analysis,Web,IoT Device
AI-00549,Digital Tool #549,Creative design,CLI,AI Assistant
AI-00550,Creative Generator #550,Task automation,Web,Health Tech
AI-00551,Digital Tool #551,Data analysis,API,IoT Device
AI-00552,Education Module #552,Recommendation,Mobile,Finance Bot
AI-00553,Education Module #553,Task automation,API,Marketing Engine
AI-00554,Education Module #554,Translation,API,Digital Tool
AI-00555,Digital Tool #555,Creative design,API,Creative Generator
AI-00556,Cybersecurity Tool #556,Recommendation,Mobile,Education Module
AI-00557,Finance Bot #557,Customer support,Mobile,Finance Bot
AI-00558,Cybersecurity Tool #558,Translation,Embedded,Education Module
AI-00559,Digital Tool #559,Translation,CLI,Education Module
AI-00560,Health Tech #560,Smart scheduling,CLI,AI Assistant
AI-00561,IoT Device #561,Virtual simulation,Desktop,AI Assistant
AI-00562,Cybersecurity Tool #562,Smart scheduling,Desktop,IoT Device
AI-00563,Marketing Engine #563,Smart scheduling,Embedded,Marketing Engine
AI-00564,Health Tech #564,Virtual simulation,Desktop,Creative Generator
AI-00565,Marketing Engine #565,Creative design,CLI,AI Assistant
AI-00566,IoT Device #566,Virtual simulation,API,Marketing Engine
AI-00567,Education Module #567,Smart scheduling,Web,Education Module
AI-00568,Automation Script #568,Real-time monitoring,CLI,IoT Device
AI-00569,Education Module #569,Real-time monitoring,Desktop,Marketing Engine
AI-00570,Digital Tool #570,Content generation,Desktop,AI Assistant
AI-00571,Finance Bot #571,Translation,API,Education Module
AI-00572,Education Module #572,Translation,CLI,AI Assistant
AI-00573,Finance Bot #573,Data analysis,Mobile,IoT Device
AI-00574,Creative Generator #574,Task automation,CLI,Automation Script
AI-00575,Marketing Engine #575,Recommendation,Desktop,IoT Device
AI-00576,Finance Bot #576,Virtual simulation,Embedded,Cybersecurity Tool
AI-00577,Education Module #577,Data analysis,API,Health Tech
AI-00578,Creative Generator #578,Recommendation,Web,AI Assistant
AI-00579,IoT Device #579,Smart scheduling,Mobile,AI Assistant
AI-00580,Education Module #580,Translation,Mobile,Creative Generator
AI-00581,Creative Generator #581,Virtual simulation,API,AI Assistant
AI-00582,Health Tech #582,Virtual simulation,Desktop,Digital Tool
AI-00583,Education Module #583,Creative design,CLI,AI Assistant
AI-00584,Finance Bot #584,Data analysis,Desktop,Automation Script
AI-00585,Finance Bot #585,Creative design,Embedded,Digital Tool
AI-00586,Health Tech #586,Virtual simulation,CLI,Creative Generator
AI-00587,Health Tech #587,Customer support,CLI,Marketing Engine
AI-00588,Education Module #588,Smart scheduling,Mobile,Automation Script
AI-00589,Automation Script #589,Translation,Desktop,Marketing Engine
AI-00590,Digital Tool #590,Smart scheduling,CLI,AI Assistant
AI-00591,IoT Device #591,Data analysis,Desktop,Health Tech
AI-00592,Automation Script #592,Smart scheduling,Embedded,Automation Script
AI-00593,AI Assistant #593,Creative design,Mobile,Automation Script
AI-00594,Automation Script #594,Customer support,Web,Education Module
AI-00595,Education Module #595,Content generation,Embedded,Creative Generator
AI-00596,Education Module #596,Creative design,Embedded,Creative Generator
AI-00597,Finance Bot #597,Smart scheduling,Desktop,Health Tech
AI-00598,Marketing Engine #598,Creative design,Web,Creative Generator
AI-00599,IoT Device #599,Content generation,Mobile,Finance Bot
AI-00600,IoT Device #600,Real-time monitoring,Embedded,Marketing Engine
AI-00601,AI Assistant #601,Recommendation,Mobile,Automation Script
AI-00602,Finance Bot #602,Content generation,Desktop,Education Module
AI-00603,AI Assistant #603,Content generation,Desktop,Finance Bot
AI-00604,Creative Generator #604,Customer support,Desktop,Marketing Engine
AI-00605,Education Module #605,Virtual simulation,Desktop,IoT Device
AI-00606,AI Assistant #606,Data analysis,CLI,Digital Tool
AI-00607,Education Module #607,Smart scheduling,Mobile,Marketing Engine
AI-00608,Finance Bot #608,Real-time monitoring,Embedded,Cybersecurity Tool
AI-00609,Cybersecurity Tool #609,Content generation,Mobile,Creative Generator
AI-00610,Health Tech #610,Recommendation,Embedded,Digital Tool
AI-00611,IoT Device #611,Smart scheduling,CLI,AI Assistant
AI-00612,Automation Script #612,Task automation,CLI,Education Module
AI-00613,Digital Tool #613,Translation,Mobile,Creative Generator
AI-00614,Marketing Engine #614,Customer support,Desktop,Digital Tool
AI-00615,Digital Tool #615,Data analysis,Desktop,Automation Script
AI-00616,IoT Device #616,Virtual simulation,Desktop,Cybersecurity Tool
AI-00617,Health Tech #617,Data analysis,Web,Education Module
AI-00618,Finance Bot #618,Recommendation,CLI,Cybersecurity Tool
AI-00619,Finance Bot #619,Creative design,API,Creative Generator
AI-00620,Education Module #620,Task automation,Embedded,AI Assistant
AI-00621,AI Assistant #621,Recommendation,Embedded,Finance Bot
AI-00622,Cybersecurity Tool #622,Virtual simulation,Mobile,Marketing Engine
AI-00623,Education Module #623,Content generation,API,Creative Generator
AI-00624,IoT Device #624,Recommendation,API,IoT Device
AI-00625,IoT Device #625,Creative design,API,Health Tech
AI-00626,Digital Tool #626,Real-time monitoring,Mobile,Creative Generator
AI-00627,Automation Script #627,Smart scheduling,Mobile,Digital Tool
AI-00628,Health Tech #628,Creative design,Embedded,Education Module
AI-00629,Finance Bot #629,Task automation,Web,Health Tech
AI-00630,Health Tech #630,Data analysis,Desktop,AI Assistant
AI-00631,Digital Tool #631,Smart scheduling,Mobile,Automation Script
AI-00632,Creative Generator #632,Real-time monitoring,Desktop,Marketing Engine
AI-00633,Creative Generator #633,Translation,Mobile,Digital Tool
AI-00634,Creative Generator #634,Virtual simulation,Mobile,Marketing Engine
AI-00635,IoT Device #635,Recommendation,Mobile,IoT Device
AI-00636,Cybersecurity Tool #636,Virtual simulation,Web,Finance Bot
AI-00637,Cybersecurity Tool #637,Translation,CLI,Marketing Engine
AI-00638,Automation Script #638,Smart scheduling,CLI,Cybersecurity Tool
AI-00639,Digital Tool #639,Task automation,API,Education Module
AI-00640,Marketing Engine #640,Virtual simulation,Web,Digital Tool
AI-00641,Education Module #641,Data analysis,CLI,Digital Tool
AI-00642,Finance Bot #642,Translation,Mobile,Marketing Engine
AI-00643,IoT Device #643,Virtual simulation,Mobile,Automation Script
AI-00644,Finance Bot #644,Smart scheduling,Embedded,Education Module
AI-00645,Automation Script #645,Data analysis,CLI,Digital Tool
AI-00646,Automation Script #646,Real-time monitoring,Mobile,AI Assistant
AI-00647,Marketing Engine #647,Real-time monitoring,Web,Automation Script
AI-00648,Automation Script #648,Customer support,Embedded,Automation Script
AI-00649,Automation Script #649,Task automation,CLI,Marketing Engine
AI-00650,Automation Script #650,Creative design,Web,Education Module
AI-00651,IoT Device #651,Translation,Mobile,Automation Script
AI-00652,Creative Generator #652,Customer support,Desktop,Creative Generator
AI-00653,IoT Device #653,Real-time monitoring,Web,Cybersecurity Tool
AI-00654,Digital Tool #654,Virtual simulation,Embedded,Finance Bot
AI-00655,Marketing Engine #655,Creative design,Web,IoT Device
AI-00656,Creative Generator #656,Translation,CLI,Automation Script
AI-00657,Marketing Engine #657,Recommendation,CLI,Automation Script
AI-00658,Cybersecurity Tool #658,Virtual simulation,Web,Finance Bot
AI-00659,Finance Bot #659,Data analysis,Desktop,Marketing Engine
AI-00660,Marketing Engine #660,Task automation,CLI,Education Module
AI-00661,Creative Generator #661,Creative design,Mobile,Finance Bot
AI-00662,Health Tech #662,Virtual simulation,API,Marketing Engine
AI-00663,Cybersecurity Tool #663,Task automation,Web,IoT Device
AI-00664,Creative Generator #664,Translation,Embedded,Automation Script
AI-00665,Finance Bot #665,Creative design,CLI,Education Module
AI-00666,Marketing Engine #666,Virtual simulation,CLI,AI Assistant
AI-00667,Automation Script #667,Smart scheduling,Mobile,Education Module
AI-00668,Automation Script #668,Task automation,Mobile,Automation Script
AI-00669,Health Tech #669,Content generation,Embedded,Automation Script
AI-00670,Health Tech #670,Task automation,CLI,AI Assistant
AI-00671,Automation Script #671,Task automation,Desktop,Finance Bot
AI-00672,IoT Device #672,Recommendation,Web,Marketing Engine
AI-00673,Cybersecurity Tool #673,Translation,Desktop,Automation Script
AI-00674,Automation Script #674,Content generation,Embedded,Creative Generator
AI-00675,Education Module #675,Recommendation,Desktop,Digital Tool
AI-00676,Automation Script #676,Virtual simulation,Embedded,Automation Script
AI-00677,Finance Bot #677,Content generation,Web,Finance Bot
AI-00678,Health Tech #678,Translation,Web,Creative Generator
AI-00679,Marketing Engine #679,Smart scheduling,Web,AI Assistant
AI-00680,Cybersecurity Tool #680,Virtual simulation,Desktop,Finance Bot
AI-00681,Health Tech #681,Smart scheduling,Mobile,Automation Script
AI-00682,Education Module #682,Data analysis,API,Cybersecurity Tool
AI-00683,Finance Bot #683,Smart scheduling,Mobile,Digital Tool
AI-00684,Health Tech #684,Recommendation,Desktop,Finance Bot
AI-00685,Cybersecurity Tool #685,Translation,Embedded,Finance Bot
AI-00686,AI Assistant #686,Task automation,Embedded,Health Tech
AI-00687,Automation Script #687,Content generation,Web,IoT Device
AI-00688,Cybersecurity Tool #688,Content generation,Mobile,Cybersecurity Tool
AI-00689,Automation Script #689,Real-time monitoring,Desktop,AI Assistant
AI-00690,Education Module #690,Smart scheduling,Embedded,AI Assistant
AI-00691,Marketing Engine #691,Virtual simulation,Desktop,AI Assistant
AI-00692,Health Tech #692,Translation,Embedded,Finance Bot
AI-00693,Marketing Engine #693,Real-time monitoring,CLI,Health Tech
AI-00694,Finance Bot #694,Creative design,Desktop,IoT Device
AI-00695,IoT Device #695,Customer support,Desktop,Health Tech
AI-00696,Education Module #696,Creative design,CLI,Digital Tool
AI-00697,Health Tech #697,Data analysis,Embedded,Automation Script
AI-00698,Finance Bot #698,Translation,API,AI Assistant
AI-00699,Marketing Engine #699,Task automation,Mobile,IoT Device
AI-00700,Automation Script #700,Data analysis,Desktop,AI Assistant
AI-00701,Cybersecurity Tool #701,Data analysis,Mobile,Education Module
AI-00702,Finance Bot #702,Content generation,Web,Marketing Engine
AI-00703,Education Module #703,Customer support,Desktop,Education Module
AI-00704,Education Module #704,Task automation,CLI,AI Assistant
AI-00705,Automation Script #705,Recommendation,CLI,Creative Generator
AI-00706,Finance Bot #706,Recommendation,API,IoT Device
AI-00707,AI Assistant #707,Creative design,Desktop,Digital Tool
AI-00708,Creative Generator #708,Recommendation,API,AI Assistant
AI-00709,AI Assistant #709,Data analysis,Embedded,AI Assistant
AI-00710,Automation Script #710,Content generation,API,Health Tech
AI-00711,Automation Script #711,Virtual simulation,CLI,AI Assistant
AI-00712,IoT Device #712,Virtual simulation,Desktop,Digital Tool
AI-00713,Creative Generator #713,Creative design,Embedded,Finance Bot
AI-00714,Education Module #714,Content generation,API,Automation Script
AI-00715,AI Assistant #715,Customer support,CLI,Health Tech
AI-00716,Finance Bot #716,Virtual simulation,Web,Automation Script
AI-00717,AI Assistant #717,Recommendation,CLI,Education Module
AI-00718,AI Assistant #718,Real-time monitoring,Web,AI Assistant
AI-00719,AI Assistant #719,Creative design,Embedded,Automation Script
AI-00720,Education Module #720,Creative design,CLI,Cybersecurity Tool
AI-00721,Education Module #721,Creative design,Desktop,Education Module
AI-00722,AI Assistant #722,Smart scheduling,CLI,Education Module
AI-00723,Digital Tool #723,Task automation,Desktop,AI Assistant
AI-00724,Marketing Engine #724,Creative design,Embedded,Cybersecurity Tool
AI-00725,IoT Device #725,Virtual simulation,API,Health Tech
AI-00726,Marketing Engine #726,Recommendation,Embedded,IoT Device
AI-00727,Finance Bot #727,Virtual simulation,CLI,Education Module
AI-00728,Marketing Engine #728,Real-time monitoring,Mobile,Creative Generator
AI-00729,Automation Script #729,Smart scheduling,API,Marketing Engine
AI-00730,Health Tech #730,Translation,Desktop,Marketing Engine
AI-00731,Automation Script #731,Content generation,Desktop,Marketing Engine
AI-00732,Automation Script #732,Customer support,Web,Automation Script
AI-00733,Health Tech #733,Recommendation,API,Digital Tool
AI-00734,AI Assistant #734,Data analysis,API,Cybersecurity Tool
AI-00735,Health Tech #735,Recommendation,Mobile,AI Assistant
AI-00736,Finance Bot #736,Creative design,API,IoT Device
AI-00737,IoT Device #737,Customer support,CLI,IoT Device
AI-00738,Automation Script #738,Creative design,Mobile,Education Module
AI-00739,Creative Generator #739,Smart scheduling,Desktop,Education Module
AI-00740,Digital Tool #740,Virtual simulation,Web,Education Module
AI-00741,Marketing Engine #741,Smart scheduling,Mobile,Cybersecurity Tool
AI-00742,Finance Bot #742,Real-time monitoring,API,Marketing Engine
AI-00743,Marketing Engine #743,Translation,API,Cybersecurity Tool
AI-00744,IoT Device #744,Recommendation,Embedded,AI Assistant
AI-00745,Creative Generator #745,Virtual simulation,API,Digital Tool
AI-00746,Marketing Engine #746,Content generation,CLI,Automation Script
AI-00747,Digital Tool #747,Customer support,Mobile,IoT Device
AI-00748,Marketing Engine #748,Recommendation,Embedded,Health Tech
AI-00749,Finance Bot #749,Customer support,Mobile,Education Module
AI-00750,Digital Tool #750,Content generation,Web,Creative Generator
AI-00751,Creative Generator #751,Real-time monitoring,Desktop,Finance Bot
AI-00752,AI Assistant #752,Smart scheduling,CLI,AI Assistant
AI-00753,Finance Bot #753,Recommendation,API,Creative Generator
AI-00754,Creative Generator #754,Virtual simulation,Embedded,IoT Device
AI-00755,Digital Tool #755,Smart scheduling,Web,Health Tech
AI-00756,AI Assistant #756,Data analysis,Web,Automation Script
AI-00757,Creative Generator #757,Customer support,CLI,Marketing Engine
AI-00758,Creative Generator #758,Content generation,Desktop,Automation Script
AI-00759,Finance Bot #759,Creative design,Web,Finance Bot
AI-00760,Education Module #760,Task automation,Embedded,Finance Bot
AI-00761,Automation Script #761,Real-time monitoring,API,Education Module
AI-00762,Automation Script #762,Creative design,CLI,Education Module
AI-00763,Finance Bot #763,Virtual simulation,Desktop,Education Module
AI-00764,Automation Script #764,Task automation,Web,Education Module
AI-00765,AI Assistant #765,Translation,Embedded,Cybersecurity Tool
AI-00766,Finance Bot #766,Real-time monitoring,CLI,Creative Generator
AI-00767,IoT Device #767,Real-time monitoring,CLI,IoT Device
AI-00768,Health Tech #768,Content generation,API,Marketing Engine
AI-00769,AI Assistant #769,Task automation,Embedded,Automation Script
AI-00770,Marketing Engine #770,Task automation,Mobile,AI Assistant
AI-00771,Automation Script #771,Translation,Web,Marketing Engine
AI-00772,Creative Generator #772,Content generation,Web,IoT Device
AI-00773,AI Assistant #773,Creative design,Mobile,Health Tech
AI-00774,Automation Script #774,Translation,Web,Cybersecurity Tool
AI-00775,Digital Tool #775,Real-time monitoring,Desktop,Health Tech
AI-00776,Digital Tool #776,Data analysis,Web,Finance Bot
AI-00777,IoT Device #777,Content generation,CLI,Cybersecurity Tool
AI-00778,Creative Generator #778,Customer support,CLI,Digital Tool
AI-00779,Creative Generator #779,Data analysis,Desktop,Marketing Engine
AI-00780,Education Module #780,Real-time monitoring,CLI,Education Module
AI-00781,Cybersecurity Tool #781,Real-time monitoring,CLI,Marketing Engine
AI-00782,Education Module #782,Virtual simulation,CLI,Cybersecurity Tool
AI-00783,Education Module #783,Creative design,Desktop,Automation Script
AI-00784,Finance Bot #784,Smart scheduling,Mobile,Digital Tool
AI-00785,AI Assistant #785,Customer support,Embedded,Automation Script
AI-00786,Digital Tool #786,Real-time monitoring,API,AI Assistant
AI-00787,Automation Script #787,Content generation,Mobile,Digital Tool
AI-00788,AI Assistant #788,Data analysis,CLI,Education Module
AI-00789,Marketing Engine #789,Virtual simulation,Embedded,IoT Device
AI-00790,Creative Generator #790,Recommendation,CLI,Finance Bot
AI-00791,Finance Bot #791,Content generation,CLI,Digital Tool
AI-00792,Automation Script #792,Customer support,Mobile,AI Assistant
AI-00793,Digital Tool #793,Smart scheduling,Web,Automation Script
AI-00794,AI Assistant #794,Task automation,Mobile,Creative Generator
AI-00795,AI Assistant #795,Task automation,CLI,Education Module
AI-00796,IoT Device #796,Translation,Desktop,Health Tech
AI-00797,Education Module #797,Translation,Web,Marketing Engine
AI-00798,Cybersecurity Tool #798,Creative design,Mobile,Automation Script
AI-00799,AI Assistant #799,Customer support,Mobile,Digital Tool
AI-00800,Health Tech #800,Data analysis,Embedded,Finance Bot
AI-00801,Health Tech #801,Real-time monitoring,API,IoT Device
AI-00802,Marketing Engine #802,Creative design,Mobile,Marketing Engine
AI-00803,Cybersecurity Tool #803,Recommendation,CLI,Creative Generator
AI-00804,IoT Device #804,Content generation,CLI,AI Assistant
AI-00805,Automation Script #805,Task automation,Mobile,Digital Tool
AI-00806,IoT Device #806,Content generation,CLI,Creative Generator
AI-00807,Health Tech #807,Data analysis,Embedded,Education Module
AI-00808,Finance Bot #808,Content generation,Desktop,IoT Device
AI-00809,Health Tech #809,Virtual simulation,Embedded,Digital Tool
AI-00810,Health Tech #810,Virtual simulation,Desktop,Cybersecurity Tool
AI-00811,Marketing Engine #811,Translation,Mobile,Finance Bot
AI-00812,Creative Generator #812,Task automation,Desktop,Finance Bot
AI-00813,AI Assistant #813,Content generation,Web,Health Tech
AI-00814,Digital Tool #814,Virtual simulation,Mobile,Creative Generator
AI-00815,Finance Bot #815,Customer support,Mobile,Digital Tool
AI-00816,Education Module #816,Content generation,Embedded,Marketing Engine
AI-00817,Health Tech #817,Smart scheduling,Desktop,Finance Bot
AI-00818,AI Assistant #818,Smart scheduling,API,Creative Generator
AI-00819,Creative Generator #819,Virtual simulation,API,Automation Script
AI-00820,Automation Script #820,Creative design,Web,Health Tech
AI-00821,IoT Device #821,Translation,CLI,Education Module
AI-00822,IoT Device #822,Data analysis,Desktop,Creative Generator
AI-00823,Creative Generator #823,Smart scheduling,Mobile,Cybersecurity Tool
AI-00824,Creative Generator #824,Recommendation,Desktop,Marketing Engine
AI-00825,Finance Bot #825,Virtual simulation,CLI,IoT Device
AI-00826,Digital Tool #826,Data analysis,Web,Creative Generator
AI-00827,Marketing Engine #827,Virtual simulation,Mobile,IoT Device
AI-00828,AI Assistant #828,Translation,Embedded,Creative Generator
AI-00829,Health Tech #829,Smart scheduling,CLI,Finance Bot
AI-00830,Finance Bot #830,Translation,Web,Marketing Engine
AI-00831,Health Tech #831,Task automation,API,Cybersecurity Tool
AI-00832,IoT Device #832,Virtual simulation,Desktop,Digital Tool
AI-00833,Education Module #833,Data analysis,CLI,Automation Script
AI-00834,Education Module #834,Creative design,Web,Health Tech
AI-00835,Digital Tool #835,Customer support,API,Health Tech
AI-00836,Marketing Engine #836,Content generation,Web,Marketing Engine
AI-00837,Automation Script #837,Real-time monitoring,API,IoT Device
AI-00838,AI Assistant #838,Content generation,Desktop,Creative Generator
AI-00839,Digital Tool #839,Real-time monitoring,API,Creative Generator
AI-00840,Marketing Engine #840,Creative design,Mobile,Digital Tool
AI-00841,Marketing Engine #841,Recommendation,API,Health Tech
AI-00842,AI Assistant #842,Data analysis,API,Automation Script
AI-00843,IoT Device #843,Task automation,Embedded,Digital Tool
AI-00844,Creative Generator #844,Recommendation,API,Automation Script
AI-00845,Cybersecurity Tool #845,Real-time monitoring,Mobile,Marketing Engine
AI-00846,Automation Script #846,Content generation,CLI,Finance Bot
AI-00847,AI Assistant #847,Creative design,Web,Finance Bot
AI-00848,Digital Tool #848,Translation,Web,IoT Device
AI-00849,Digital Tool #849,Creative design,Mobile,IoT Device
AI-00850,Digital Tool #850,Translation,Embedded,Marketing Engine
AI-00851,Health Tech #851,Data analysis,Web,Health Tech
AI-00852,Digital Tool #852,Task automation,Desktop,Marketing Engine
AI-00853,AI Assistant #853,Content generation,Mobile,Creative Generator
AI-00854,Creative Generator #854,Task automation,API,Cybersecurity Tool
AI-00855,Digital Tool #855,Real-time monitoring,Mobile,AI Assistant
AI-00856,Health Tech #856,Recommendation,Web,Marketing Engine
AI-00857,AI Assistant #857,Data analysis,Web,Creative Generator
AI-00858,Marketing Engine #858,Smart scheduling,Mobile,Creative Generator
AI-00859,Health Tech #859,Customer support,Embedded,IoT Device
AI-00860,Automation Script #860,Virtual simulation,Embedded,Digital Tool
AI-00861,Finance Bot #861,Data analysis,Desktop,Automation Script
AI-00862,Automation Script #862,Smart scheduling,Web,Finance Bot
AI-00863,Automation Script #863,Recommendation,Web,Education Module
AI-00864,Creative Generator #864,Content generation,Desktop,Marketing Engine
AI-00865,Automation Script #865,Customer support,API,Digital Tool
AI-00866,AI Assistant #866,Content generation,API,Finance Bot
AI-00867,IoT Device #867,Translation,Web,Creative Generator
AI-00868,Creative Generator #868,Task automation,Web,Health Tech
AI-00869,IoT Device #869,Data analysis,Embedded,Creative Generator
AI-00870,AI Assistant #870,Customer support,Embedded,Automation Script
AI-00871,Digital Tool #871,Real-time monitoring,CLI,Cybersecurity Tool
AI-00872,Marketing Engine #872,Task automation,API,IoT Device
AI-00873,Health Tech #873,Customer support,CLI,Health Tech
AI-00874,AI Assistant #874,Translation,Mobile,Health Tech
AI-00875,IoT Device #875,Task automation,Embedded,Creative Generator
AI-00876,Health Tech #876,Smart scheduling,API,Health Tech
AI-00877,Automation Script #877,Virtual simulation,Mobile,Digital Tool
AI-00878,Marketing Engine #878,Virtual simulation,CLI,Finance Bot
AI-00879,AI Assistant #879,Data analysis,API,Digital Tool
AI-00880,Cybersecurity Tool #880,Real-time monitoring,CLI,Cybersecurity Tool
AI-00881,Education Module #881,Real-time monitoring,Mobile,Marketing Engine
AI-00882,Marketing Engine #882,Data analysis,Web,Automation Script
AI-00883,Education Module #883,Recommendation,CLI,Creative Generator
AI-00884,Health Tech #884,Customer support,Mobile,Automation Script
AI-00885,Education Module #885,Content generation,Mobile,Creative Generator
AI-00886,Health Tech #886,Creative design,API,Digital Tool
AI-00887,AI Assistant #887,Smart scheduling,Embedded,Creative Generator
AI-00888,Health Tech #888,Creative design,Desktop,AI Assistant
AI-00889,AI Assistant #889,Task automation,Web,Automation Script
AI-00890,Health Tech #890,Customer support,Mobile,Cybersecurity Tool
AI-00891,Digital Tool #891,Customer support,Embedded,Automation Script
AI-00892,Automation Script #892,Customer support,API,Cybersecurity Tool
AI-00893,Creative Generator #893,Task automation,API,Education Module
AI-00894,Digital Tool #894,Data analysis,Embedded,Education Module
AI-00895,Finance Bot #895,Data analysis,Desktop,Digital Tool
AI-00896,Finance Bot #896,Data analysis,Desktop,Cybersecurity Tool
AI-00897,Marketing Engine #897,Translation,Web,Automation Script
AI-00898,Creative Generator #898,Virtual simulation,Desktop,Automation Script
AI-00899,Marketing Engine #899,Data analysis,Desktop,Digital Tool
AI-00900,AI Assistant #900,Data analysis,Desktop,AI Assistant
AI-00901,IoT Device #901,Virtual simulation,CLI,Marketing Engine
AI-00902,Digital Tool #902,Task automation,Desktop,Creative Generator
AI-00903,Creative Generator #903,Task automation,Mobile,Marketing Engine
AI-00904,Marketing Engine #904,Real-time monitoring,Mobile,Automation Script
AI-00905,Education Module #905,Recommendation,Desktop,Creative Generator
AI-00906,Marketing Engine #906,Creative design,Desktop,Education Module
AI-00907,Digital Tool #907,Data analysis,CLI,Cybersecurity Tool
AI-00908,Digital Tool #908,Real-time monitoring,Desktop,Health Tech
AI-00909,Creative Generator #909,Content generation,Web,Finance Bot
AI-00910,Marketing Engine #910,Data analysis,Mobile,Education Module
AI-00911,Education Module #911,Virtual simulation,CLI,IoT Device
AI-00912,Finance Bot #912,Virtual simulation,Web,Digital Tool
AI-00913,AI Assistant #913,Smart scheduling,Mobile,Cybersecurity Tool
AI-00914,Creative Generator #914,Creative design,CLI,IoT Device
AI-00915,Education Module #915,Task automation,Mobile,Education Module
AI-00916,Finance Bot #916,Creative design,API,Marketing Engine
AI-00917,Marketing Engine #917,Translation,CLI,Health Tech
AI-00918,Cybersecurity Tool #918,Task automation,Desktop,Marketing Engine
AI-00919,Automation Script #919,Real-time monitoring,Desktop,Education Module
AI-00920,Creative Generator #920,Creative design,Embedded,AI Assistant
AI-00921,Creative Generator #921,Customer support,Embedded,Digital Tool
AI-00922,Health Tech #922,Creative design,CLI,Digital Tool
AI-00923,Automation Script #923,Virtual simulation,Desktop,Marketing Engine
AI-00924,Automation Script #924,Virtual simulation,Embedded,Finance Bot
AI-00925,Automation Script #925,Customer support,Embedded,Automation Script
AI-00926,Digital Tool #926,Translation,Mobile,Finance Bot
AI-00927,Digital Tool #927,Customer support,Web,Creative Generator
AI-00928,Education Module #928,Customer support,CLI,Cybersecurity Tool
AI-00929,Creative Generator #929,Customer support,Mobile,Finance Bot
AI-00930,Education Module #930,Customer support,Desktop,Marketing Engine
AI-00931,Automation Script #931,Recommendation,Desktop,Marketing Engine
AI-00932,Marketing Engine #932,Virtual simulation,API,AI Assistant
AI-00933,AI Assistant #933,Content generation,Mobile,Cybersecurity Tool
AI-00934,Automation Script #934,Translation,Desktop,Health Tech
AI-00935,Digital Tool #935,Creative design,API,Creative Generator
AI-00936,Finance Bot #936,Real-time monitoring,Web,Education Module
AI-00937,Digital Tool #937,Smart scheduling,Mobile,Digital Tool
AI-00938,Creative Generator #938,Real-time monitoring,Web,Automation Script
AI-00939,IoT Device #939,Translation,Desktop,Marketing Engine
AI-00940,IoT Device #940,Customer support,Desktop,Education Module
AI-00941,Marketing Engine #941,Task automation,Mobile,Automation Script
AI-00942,IoT Device #942,Virtual simulation,API,Finance Bot
AI-00943,Digital Tool #943,Customer support,API,Digital Tool
AI-00944,AI Assistant #944,Recommendation,API,Finance Bot
AI-00945,AI Assistant #945,Real-time monitoring,Embedded,AI Assistant
AI-00946,IoT Device #946,Content generation,Web,Creative Generator
AI-00947,Marketing Engine #947,Content generation,Desktop,Finance Bot
AI-00948,AI Assistant #948,Recommendation,Mobile,IoT Device
AI-00949,Education Module #949,Content generation,Embedded,Education Module
AI-00950,Creative Generator #950,Virtual simulation,Web,AI Assistant
AI-00951,Marketing Engine #951,Translation,Mobile,Education Module
AI-00952,AI Assistant #952,Recommendation,API,Education Module
AI-00953,Creative Generator #953,Data analysis,CLI,AI Assistant
AI-00954,Marketing Engine #954,Task automation,Embedded,IoT Device
AI-00955,Marketing Engine #955,Real-time monitoring,Web,Marketing Engine
AI-00956,Education Module #956,Real-time monitoring,Web,Health Tech
AI-00957,Automation Script #957,Task automation,API,Digital Tool
AI-00958,Cybersecurity Tool #958,Virtual simulation,Embedded,AI Assistant
AI-00959,Education Module #959,Translation,Embedded,Finance Bot
AI-00960,Finance Bot #960,Virtual simulation,API,Digital Tool
AI-00961,Education Module #961,Task automation,API,Health Tech
AI-00962,Health Tech #962,Creative design,Embedded,Digital Tool
AI-00963,Automation Script #963,Recommendation,API,AI Assistant
AI-00964,Digital Tool #964,Data analysis,CLI,Automation Script
AI-00965,Education Module #965,Smart scheduling,API,Education Module
AI-00966,AI Assistant #966,Smart scheduling,API,Creative Generator
AI-00967,Creative Generator #967,Data analysis,Desktop,Creative Generator
AI-00968,IoT Device #968,Real-time monitoring,Embedded,Creative Generator
AI-00969,Cybersecurity Tool #969,Real-time monitoring,Embedded,Health Tech
AI-00970,Digital Tool #970,Data analysis,CLI,Digital Tool
AI-00971,Creative Generator #971,Virtual simulation,Web,IoT Device
AI-00972,Education Module #972,Customer support,Mobile,Finance Bot
AI-00973,Marketing Engine #973,Content generation,CLI,Health Tech
AI-00974,Creative Generator #974,Content generation,Embedded,AI Assistant
AI-00975,Creative Generator #975,Real-time monitoring,CLI,Health Tech
AI-00976,Finance Bot #976,Data analysis,API,Digital Tool
AI-00977,Digital Tool #977,Data analysis,Embedded,Education Module
AI-00978,Automation Script #978,Smart scheduling,Desktop,Education Module
AI-00979,Finance Bot #979,Data analysis,API,Digital Tool
AI-00980,Creative Generator #980,Translation,Embedded,AI Assistant
AI-00981,AI Assistant #981,Smart scheduling,Mobile,Creative Generator
AI-00982,Finance Bot #982,Customer support,Embedded,Marketing Engine
AI-00983,Education Module #983,Content generation,Mobile,IoT Device
AI-00984,Finance Bot #984,Recommendation,Embedded,Automation Script
AI-00985,Health Tech #985,Content generation,CLI,Marketing Engine
AI-00986,Education Module #986,Content generation,CLI,AI Assistant
AI-00987,AI Assistant #987,Translation,Desktop,Cybersecurity Tool
AI-00988,Cybersecurity Tool #988,Creative design,CLI,Education Module
AI-00989,Education Module #989,Recommendation,Web,Health Tech
AI-00990,Finance Bot #990,Virtual simulation,Embedded,Digital Tool
AI-00991,IoT Device #991,Recommendation,API,Cybersecurity Tool
AI-00992,Finance Bot #992,Real-time monitoring,API,AI Assistant
AI-00993,Digital Tool #993,Content generation,Mobile,AI Assistant
AI-00994,Education Module #994,Translation,Embedded,Marketing Engine
AI-00995,Digital Tool #995,Translation,Mobile,Automation Script
AI-00996,Marketing Engine #996,Smart scheduling,Mobile,IoT Device
AI-00997,Education Module #997,Content generation,Desktop,Education Module
AI-00998,Marketing Engine #998,Task automation,Desktop,Education Module
AI-00999,Marketing Engine #999,Content generation,CLI,Automation Script
AI-01000,AI Assistant #1000,Creative design,API,AI Assistant
AI-01001,Education Module #1001,Customer support,CLI,Digital Tool
AI-01002,AI Assistant #1002,Creative design,Mobile,IoT Device
AI-01003,Health Tech #1003,Customer support,Web,AI Assistant
AI-01004,Health Tech #1004,Virtual simulation,Embedded,Finance Bot
AI-01005,Marketing Engine #1005,Content generation,Mobile,Cybersecurity Tool
AI-01006,Cybersecurity Tool #1006,Real-time monitoring,Mobile,Digital Tool
AI-01007,IoT Device #1007,Task automation,CLI,Automation Script
AI-01008,AI Assistant #1008,Customer support,Desktop,AI Assistant
AI-01009,AI Assistant #1009,Translation,Embedded,Marketing Engine
AI-01010,Marketing Engine #1010,Real-time monitoring,Desktop,Automation Script
AI-01011,Marketing Engine #1011,Recommendation,Embedded,AI Assistant
AI-01012,Automation Script #1012,Data analysis,Web,Digital Tool
AI-01013,AI Assistant #1013,Data analysis,Desktop,Creative Generator
AI-01014,Cybersecurity Tool #1014,Real-time monitoring,Web,IoT Device
AI-01015,Digital Tool #1015,Smart scheduling,Web,Marketing Engine
AI-01016,Education Module #1016,Virtual simulation,Web,AI Assistant
AI-01017,IoT Device #1017,Creative design,Mobile,Automation Script
AI-01018,AI Assistant #1018,Virtual simulation,Web,Automation Script
AI-01019,Health Tech #1019,Content generation,Mobile,Digital Tool
AI-01020,Education Module #1020,Smart scheduling,Embedded,Health Tech
AI-01021,Creative Generator #1021,Content generation,Embedded,Marketing Engine
AI-01022,Finance Bot #1022,Translation,CLI,Cybersecurity Tool
AI-01023,IoT Device #1023,Task automation,Mobile,Marketing Engine
AI-01024,Marketing Engine #1024,Customer support,Mobile,Automation Script
AI-01025,AI Assistant #1025,Customer support,Mobile,Automation Script
AI-01026,Marketing Engine #1026,Smart scheduling,API,Health Tech
AI-01027,Education Module #1027,Virtual simulation,Web,Cybersecurity Tool
AI-01028,Marketing Engine #1028,Recommendation,Mobile,Finance Bot
AI-01029,Health Tech #1029,Recommendation,Mobile,Cybersecurity Tool
AI-01030,Education Module #1030,Smart scheduling,Web,Finance Bot
AI-01031,AI Assistant #1031,Translation,Web,Automation Script
AI-01032,Creative Generator #1032,Virtual simulation,Embedded,Education Module
AI-01033,AI Assistant #1033,Recommendation,Embedded,Creative Generator
AI-01034,Marketing Engine #1034,Content generation,CLI,Marketing Engine
AI-01035,Finance Bot #1035,Smart scheduling,Web,Finance Bot
AI-01036,Digital Tool #1036,Recommendation,CLI,Automation Script
AI-01037,Automation Script #1037,Task automation,Desktop,Digital Tool
AI-01038,Cybersecurity Tool #1038,Translation,CLI,Finance Bot
AI-01039,IoT Device #1039,Creative design,Web,Creative Generator
AI-01040,Automation Script #1040,Task automation,Mobile,Marketing Engine
AI-01041,Finance Bot #1041,Content generation,CLI,Health Tech
AI-01042,Marketing Engine #1042,Creative design,Web,Cybersecurity Tool
AI-01043,AI Assistant #1043,Real-time monitoring,Embedded,Education Module
AI-01044,Automation Script #1044,Real-time monitoring,CLI,Cybersecurity Tool
AI-01045,Automation Script #1045,Customer support,Web,Marketing Engine
AI-01046,Education Module #1046,Customer support,Desktop,Education Module
AI-01047,Finance Bot #1047,Creative design,Embedded,IoT Device
AI-01048,IoT Device #1048,Translation,Web,Creative Generator
AI-01049,Creative Generator #1049,Recommendation,Desktop,Education Module
AI-01050,Health Tech #1050,Data analysis,Embedded,Health Tech
AI-01051,Education Module #1051,Virtual simulation,Mobile,IoT Device
AI-01052,Cybersecurity Tool #1052,Customer support,Mobile,Cybersecurity Tool
AI-01053,Marketing Engine #1053,Customer support,API,Health Tech
AI-01054,Creative Generator #1054,Data analysis,Embedded,Digital Tool
AI-01055,Finance Bot #1055,Recommendation,Web,Finance Bot
AI-01056,Cybersecurity Tool #1056,Customer support,Web,Creative Generator
AI-01057,Automation Script #1057,Customer support,Embedded,Education Module
AI-01058,Digital Tool #1058,Virtual simulation,CLI,Cybersecurity Tool
AI-01059,Creative Generator #1059,Real-time monitoring,Mobile,Health Tech
AI-01060,Education Module #1060,Task automation,Web,Creative Generator
AI-01061,Finance Bot #1061,Data analysis,Embedded,AI Assistant
AI-01062,Automation Script #1062,Data analysis,Embedded,Creative Generator
AI-01063,AI Assistant #1063,Customer support,API,Health Tech
AI-01064,IoT Device #1064,Creative design,Mobile,AI Assistant
AI-01065,Digital Tool #1065,Data analysis,Embedded,Marketing Engine
AI-01066,Cybersecurity Tool #1066,Translation,CLI,Finance Bot
AI-01067,Automation Script #1067,Task automation,Mobile,Automation Script
AI-01068,Creative Generator #1068,Smart scheduling,Web,Health Tech
AI-01069,Digital Tool #1069,Content generation,Desktop,Marketing Engine
AI-01070,Marketing Engine #1070,Real-time monitoring,Desktop,Digital Tool
AI-01071,AI Assistant #1071,Creative design,API,Creative Generator
AI-01072,Finance Bot #1072,Task automation,Desktop,Automation Script
AI-01073,Cybersecurity Tool #1073,Data analysis,API,Health Tech
AI-01074,Marketing Engine #1074,Creative design,CLI,AI Assistant
AI-01075,Automation Script #1075,Content generation,Web,Automation Script
AI-01076,Finance Bot #1076,Real-time monitoring,API,Health Tech
AI-01077,Cybersecurity Tool #1077,Customer support,Desktop,Cybersecurity Tool
AI-01078,Finance Bot #1078,Real-time monitoring,API,IoT Device
AI-01079,Creative Generator #1079,Smart scheduling,Embedded,AI Assistant
AI-01080,Education Module #1080,Smart scheduling,Embedded,Creative Generator
AI-01081,Education Module #1081,Creative design,Desktop,Finance Bot
AI-01082,Health Tech #1082,Task automation,Embedded,Finance Bot
AI-01083,Creative Generator #1083,Virtual simulation,Web,Health Tech
AI-01084,Education Module #1084,Data analysis,Embedded,Digital Tool
AI-01085,Education Module #1085,Smart scheduling,CLI,Marketing Engine
AI-01086,AI Assistant #1086,Data analysis,Desktop,Finance Bot
AI-01087,Automation Script #1087,Translation,Web,Automation Script
AI-01088,Cybersecurity Tool #1088,Customer support,API,Cybersecurity Tool
AI-01089,Health Tech #1089,Customer support,Web,AI Assistant
AI-01090,Creative Generator #1090,Customer support,Web,Creative Generator
AI-01091,Marketing Engine #1091,Recommendation,Desktop,Education Module
AI-01092,Education Module #1092,Creative design,Mobile,Digital Tool
AI-01093,Education Module #1093,Smart scheduling,CLI,Cybersecurity Tool
AI-01094,Finance Bot #1094,Recommendation,CLI,Automation Script
AI-01095,Cybersecurity Tool #1095,Content generation,Web,Creative Generator
AI-01096,Automation Script #1096,Translation,Desktop,Health Tech
AI-01097,AI Assistant #1097,Data analysis,Mobile,Education Module
AI-01098,Marketing Engine #1098,Data analysis,Mobile,Automation Script
AI-01099,Automation Script #1099,Recommendation,API,AI Assistant
AI-01100,AI Assistant #1100,Recommendation,Mobile,Digital Tool
AI-01101,Finance Bot #1101,Smart scheduling,Desktop,Education Module
AI-01102,Creative Generator #1102,Creative design,API,Health Tech
AI-01103,Marketing Engine #1103,Smart scheduling,CLI,Marketing Engine
AI-01104,Health Tech #1104,Virtual simulation,Embedded,Cybersecurity Tool
AI-01105,Creative Generator #1105,Virtual simulation,API,Education Module
AI-01106,Creative Generator #1106,Real-time monitoring,API,Marketing Engine
AI-01107,Health Tech #1107,Translation,Desktop,Digital Tool
AI-01108,Cybersecurity Tool #1108,Creative design,Web,AI Assistant
AI-01109,Health Tech #1109,Creative design,Desktop,Education Module
AI-01110,Digital Tool #1110,Recommendation,Desktop,Health Tech
AI-01111,Automation Script #1111,Task automation,API,IoT Device
AI-01112,Marketing Engine #1112,Content generation,CLI,Digital Tool
AI-01113,Finance Bot #1113,Customer support,Desktop,AI Assistant
AI-01114,Automation Script #1114,Real-time monitoring,API,Health Tech
AI-01115,IoT Device #1115,Recommendation,Desktop,Digital Tool
AI-01116,Digital Tool #1116,Virtual simulation,Web,Health Tech
AI-01117,Cybersecurity Tool #1117,Creative design,Desktop,Creative Generator
AI-01118,Automation Script #1118,Content generation,Mobile,AI Assistant
AI-01119,Marketing Engine #1119,Creative design,CLI,Health Tech
AI-01120,Digital Tool #1120,Translation,Mobile,Health Tech
AI-01121,Health Tech #1121,Content generation,Embedded,Digital Tool
AI-01122,IoT Device #1122,Translation,Web,Creative Generator
AI-01123,Education Module #1123,Customer support,CLI,Education Module
AI-01124,Health Tech #1124,Task automation,Embedded,Health Tech
AI-01125,Automation Script #1125,Content generation,API,Finance Bot
AI-01126,AI Assistant #1126,Task automation,API,IoT Device
AI-01127,Automation Script #1127,Translation,Embedded,Automation Script
AI-01128,Finance Bot #1128,Recommendation,Web,Finance Bot
AI-01129,Cybersecurity Tool #1129,Recommendation,Mobile,Marketing Engine
AI-01130,AI Assistant #1130,Data analysis,Embedded,Finance Bot
AI-01131,Marketing Engine #1131,Creative design,CLI,Marketing Engine
AI-01132,AI Assistant #1132,Virtual simulation,Desktop,Cybersecurity Tool
AI-01133,Finance Bot #1133,Recommendation,Web,Creative Generator
AI-01134,Automation Script #1134,Task automation,Mobile,Education Module
AI-01135,Finance Bot #1135,Virtual simulation,Embedded,Automation Script
AI-01136,Automation Script #1136,Recommendation,API,Health Tech
AI-01137,Automation Script #1137,Real-time monitoring,Embedded,Creative Generator
AI-01138,Finance Bot #1138,Data analysis,Desktop,Marketing Engine
AI-01139,Education Module #1139,Customer support,CLI,Marketing Engine
AI-01140,AI Assistant #1140,Task automation,Desktop,Health Tech
AI-01141,Automation Script #1141,Task automation,Web,Finance Bot
AI-01142,Digital Tool #1142,Data analysis,Mobile,AI Assistant
AI-01143,Health Tech #1143,Customer support,Embedded,Cybersecurity Tool
AI-01144,Creative Generator #1144,Real-time monitoring,CLI,Finance Bot
AI-01145,Creative Generator #1145,Virtual simulation,Embedded,Finance Bot
AI-01146,Health Tech #1146,Creative design,Desktop,Automation Script
AI-01147,Cybersecurity Tool #1147,Recommendation,Embedded,Health Tech
AI-01148,Cybersecurity Tool #1148,Smart scheduling,Mobile,Education Module
AI-01149,Education Module #1149,Recommendation,Desktop,Digital Tool
AI-01150,Digital Tool #1150,Content generation,Desktop,Digital Tool
AI-01151,IoT Device #1151,Data analysis,Web,Automation Script
AI-01152,Cybersecurity Tool #1152,Real-time monitoring,Mobile,Marketing Engine
AI-01153,Digital Tool #1153,Smart scheduling,Mobile,Finance Bot
AI-01154,Marketing Engine #1154,Creative design,Desktop,Education Module
AI-01155,Education Module #1155,Data analysis,CLI,Finance Bot
AI-01156,AI Assistant #1156,Task automation,Desktop,AI Assistant
AI-01157,Health Tech #1157,Virtual simulation,CLI,Cybersecurity Tool
AI-01158,Marketing Engine #1158,Content generation,API,Automation Script
AI-01159,Digital Tool #1159,Recommendation,API,Finance Bot
AI-01160,IoT Device #1160,Real-time monitoring,Web,IoT Device
AI-01161,Health Tech #1161,Smart scheduling,Desktop,Creative Generator
AI-01162,AI Assistant #1162,Smart scheduling,CLI,Creative Generator
AI-01163,Digital Tool #1163,Creative design,Web,Cybersecurity Tool
AI-01164,AI Assistant #1164,Recommendation,API,IoT Device
AI-01165,Health Tech #1165,Content generation,Mobile,Finance Bot
AI-01166,Creative Generator #1166,Data analysis,Desktop,IoT Device
AI-01167,AI Assistant #1167,Customer support,Mobile,Marketing Engine
AI-01168,Cybersecurity Tool #1168,Customer support,Mobile,Education Module
AI-01169,Finance Bot #1169,Task automation,Desktop,Education Module
AI-01170,Cybersecurity Tool #1170,Translation,Web,Education Module
AI-01171,Education Module #1171,Content generation,Desktop,Marketing Engine
AI-01172,IoT Device #1172,Real-time monitoring,Web,Automation Script
AI-01173,Health Tech #1173,Translation,Web,Creative Generator
AI-01174,Health Tech #1174,Real-time monitoring,Web,Finance Bot
AI-01175,Marketing Engine #1175,Creative design,Embedded,Digital Tool
AI-01176,Education Module #1176,Data analysis,API,Creative Generator
AI-01177,Cybersecurity Tool #1177,Recommendation,Web,Creative Generator
AI-01178,Marketing Engine #1178,Customer support,Web,Health Tech
AI-01179,AI Assistant #1179,Creative design,API,Health Tech
AI-01180,Creative Generator #1180,Data analysis,Web,Creative Generator
AI-01181,Health Tech #1181,Real-time monitoring,Mobile,Marketing Engine
AI-01182,Health Tech #1182,Real-time monitoring,CLI,Health Tech
AI-01183,IoT Device #1183,Content generation,Web,Creative Generator
AI-01184,Marketing Engine #1184,Task automation,Embedded,IoT Device
AI-01185,Education Module #1185,Translation,CLI,Marketing Engine
AI-01186,Health Tech #1186,Smart scheduling,Embedded,Finance Bot
AI-01187,IoT Device #1187,Content generation,API,Creative Generator
AI-01188,Creative Generator #1188,Customer support,API,Automation Script
AI-01189,Cybersecurity Tool #1189,Data analysis,CLI,AI Assistant
AI-01190,Marketing Engine #1190,Customer support,Embedded,Marketing Engine
AI-01191,AI Assistant #1191,Data analysis,Mobile,IoT Device
AI-01192,Finance Bot #1192,Data analysis,Embedded,AI Assistant
AI-01193,Digital Tool #1193,Translation,Desktop,Finance Bot
AI-01194,Cybersecurity Tool #1194,Virtual simulation,Mobile,Health Tech
AI-01195,AI Assistant #1195,Smart scheduling,Web,Education Module
AI-01196,AI Assistant #1196,Data analysis,Web,AI Assistant
AI-01197,Automation Script #1197,Content generation,CLI,Marketing Engine
AI-01198,AI Assistant #1198,Data analysis,Mobile,Creative Generator
AI-01199,Finance Bot #1199,Content generation,Web,Cybersecurity Tool
AI-01200,IoT Device #1200,Translation,Embedded,Automation Script
AI-01201,Finance Bot #1201,Data analysis,Desktop,Cybersecurity Tool
AI-01202,IoT Device #1202,Virtual simulation,Mobile,Digital Tool
AI-01203,Health Tech #1203,Content generation,Desktop,Finance Bot
AI-01204,Marketing Engine #1204,Task automation,Embedded,Finance Bot
AI-01205,Marketing Engine #1205,Translation,Embedded,Cybersecurity Tool
AI-01206,Creative Generator #1206,Real-time monitoring,Desktop,AI Assistant
AI-01207,Automation Script #1207,Content generation,Desktop,IoT Device
AI-01208,Automation Script #1208,Task automation,Web,AI Assistant
AI-01209,Automation Script #1209,Translation,Desktop,Cybersecurity Tool
AI-01210,IoT Device #1210,Content generation,Web,AI Assistant
AI-01211,Finance Bot #1211,Smart scheduling,Mobile,Marketing Engine
AI-01212,Health Tech #1212,Recommendation,CLI,Finance Bot
AI-01213,Digital Tool #1213,Data analysis,Desktop,Automation Script
AI-01214,Finance Bot #1214,Translation,CLI,Automation Script
AI-01215,Health Tech #1215,Recommendation,API,Finance Bot
AI-01216,Automation Script #1216,Content generation,API,Marketing Engine
AI-01217,IoT Device #1217,Content generation,CLI,Education Module
AI-01218,Education Module #1218,Customer support,Web,IoT Device
AI-01219,Digital Tool #1219,Customer support,Embedded,IoT Device
AI-01220,Finance Bot #1220,Customer support,Web,Marketing Engine
AI-01221,Creative Generator #1221,Smart scheduling,CLI,AI Assistant
AI-01222,Education Module #1222,Recommendation,CLI,Finance Bot
AI-01223,Automation Script #1223,Content generation,Embedded,Creative Generator
AI-01224,AI Assistant #1224,Virtual simulation,CLI,Finance Bot
AI-01225,Creative Generator #1225,Creative design,Web,Digital Tool
AI-01226,Health Tech #1226,Creative design,Embedded,Cybersecurity Tool
AI-01227,IoT Device #1227,Smart scheduling,API,Automation Script
AI-01228,IoT Device #1228,Recommendation,Desktop,Finance Bot
AI-01229,IoT Device #1229,Customer support,Desktop,IoT Device
AI-01230,Finance Bot #1230,Translation,Web,Digital Tool
AI-01231,Marketing Engine #1231,Real-time monitoring,Mobile,Marketing Engine
AI-01232,Education Module #1232,Recommendation,Mobile,IoT Device
AI-01233,Education Module #1233,Smart scheduling,Embedded,Health Tech
AI-01234,Marketing Engine #1234,Data analysis,CLI,Health Tech
AI-01235,Marketing Engine #1235,Creative design,API,Automation Script
AI-01236,Automation Script #1236,Creative design,Desktop,Marketing Engine
AI-01237,Marketing Engine #1237,Recommendation,CLI,Creative Generator
AI-01238,Marketing Engine #1238,Smart scheduling,Desktop,Creative Generator
AI-01239,AI Assistant #1239,Task automation,Desktop,Creative Generator
AI-01240,Finance Bot #1240,Content generation,Desktop,Finance Bot
AI-01241,Cybersecurity Tool #1241,Real-time monitoring,Desktop,AI Assistant
AI-01242,Health Tech #1242,Real-time monitoring,CLI,Cybersecurity Tool
AI-01243,IoT Device #1243,Real-time monitoring,API,Finance Bot
AI-01244,Education Module #1244,Real-time monitoring,API,Automation Script
AI-01245,AI Assistant #1245,Task automation,API,Automation Script
AI-01246,Digital Tool #1246,Content generation,Web,Creative Generator
AI-01247,Automation Script #1247,Translation,API,Automation Script
AI-01248,Digital Tool #1248,Recommendation,CLI,Digital Tool
AI-01249,Automation Script #1249,Real-time monitoring,Mobile,Marketing Engine
AI-01250,IoT Device #1250,Smart scheduling,Desktop,Health Tech
AI-01251,Marketing Engine #1251,Content generation,CLI,Automation Script
AI-01252,Digital Tool #1252,Customer support,Desktop,Automation Script
AI-01253,Finance Bot #1253,Customer support,API,Digital Tool
AI-01254,Health Tech #1254,Recommendation,Mobile,IoT Device
AI-01255,Cybersecurity Tool #1255,Translation,API,Marketing Engine
AI-01256,Automation Script #1256,Real-time monitoring,Web,Digital Tool
AI-01257,AI Assistant #1257,Real-time monitoring,Desktop,Finance Bot
AI-01258,Education Module #1258,Smart scheduling,Mobile,Health Tech
AI-01259,Automation Script #1259,Recommendation,Mobile,Education Module
AI-01260,Automation Script #1260,Recommendation,CLI,Digital Tool
AI-01261,Finance Bot #1261,Virtual simulation,Mobile,Cybersecurity Tool
AI-01262,Finance Bot #1262,Translation,Embedded,Creative Generator
AI-01263,Marketing Engine #1263,Real-time monitoring,API,Cybersecurity Tool
AI-01264,Health Tech #1264,Data analysis,Mobile,Marketing Engine
AI-01265,Automation Script #1265,Virtual simulation,API,Digital Tool
AI-01266,Cybersecurity Tool #1266,Real-time monitoring,Desktop,Marketing Engine
AI-01267,IoT Device #1267,Task automation,Embedded,Finance Bot
AI-01268,Marketing Engine #1268,Virtual simulation,API,Education Module
AI-01269,IoT Device #1269,Creative design,Desktop,Cybersecurity Tool
AI-01270,Education Module #1270,Content generation,Desktop,AI Assistant
AI-01271,Education Module #1271,Translation,API,Education Module
AI-01272,Marketing Engine #1272,Content generation,Web,AI Assistant
AI-01273,Finance Bot #1273,Real-time monitoring,Embedded,AI Assistant
AI-01274,Cybersecurity Tool #1274,Customer support,Desktop,IoT Device
AI-01275,Education Module #1275,Smart scheduling,Web,Finance Bot
AI-01276,Finance Bot #1276,Content generation,Mobile,Creative Generator
AI-01277,Digital Tool #1277,Real-time monitoring,API,Health Tech
AI-01278,Education Module #1278,Virtual simulation,API,Finance Bot
AI-01279,Creative Generator #1279,Virtual simulation,Mobile,Health Tech
AI-01280,Health Tech #1280,Virtual simulation,CLI,Automation Script
AI-01281,Education Module #1281,Task automation,CLI,Health Tech
AI-01282,Finance Bot #1282,Task automation,Web,Health Tech
AI-01283,Automation Script #1283,Virtual simulation,CLI,AI Assistant
AI-01284,Creative Generator #1284,Creative design,API,AI Assistant
AI-01285,Finance Bot #1285,Smart scheduling,Desktop,AI Assistant
AI-01286,Automation Script #1286,Recommendation,API,Finance Bot
AI-01287,Cybersecurity Tool #1287,Content generation,Mobile,Automation Script
AI-01288,Finance Bot #1288,Recommendation,CLI,Finance Bot
AI-01289,IoT Device #1289,Real-time monitoring,Web,Education Module
AI-01290,Digital Tool #1290,Content generation,Desktop,Automation Script
AI-01291,Education Module #1291,Translation,Desktop,Cybersecurity Tool
AI-01292,IoT Device #1292,Recommendation,Desktop,Education Module
AI-01293,Marketing Engine #1293,Customer support,Desktop,AI Assistant
AI-01294,AI Assistant #1294,Customer support,API,Education Module
AI-01295,Education Module #1295,Content generation,CLI,Marketing Engine
AI-01296,AI Assistant #1296,Recommendation,Desktop,AI Assistant
AI-01297,Digital Tool #1297,Smart scheduling,Embedded,Finance Bot
AI-01298,Cybersecurity Tool #1298,Customer support,Mobile,IoT Device
AI-01299,Creative Generator #1299,Translation,Embedded,IoT Device
AI-01300,Automation Script #1300,Virtual simulation,Embedded,IoT Device
AI-01301,Marketing Engine #1301,Virtual simulation,Mobile,Education Module
AI-01302,Automation Script #1302,Creative design,Desktop,Finance Bot
AI-01303,AI Assistant #1303,Virtual simulation,API,Cybersecurity Tool
AI-01304,Digital Tool #1304,Virtual simulation,Desktop,Automation Script
AI-01305,Finance Bot #1305,Data analysis,Desktop,Automation Script
AI-01306,AI Assistant #1306,Smart scheduling,Desktop,Finance Bot
AI-01307,Digital Tool #1307,Translation,Web,Digital Tool
AI-01308,Marketing Engine #1308,Creative design,Desktop,Health Tech
AI-01309,Marketing Engine #1309,Content generation,API,AI Assistant
AI-01310,Automation Script #1310,Data analysis,API,Automation Script
AI-01311,Creative Generator #1311,Data analysis,Embedded,Creative Generator
AI-01312,Finance Bot #1312,Task automation,Desktop,AI Assistant
AI-01313,IoT Device #1313,Real-time monitoring,API,Cybersecurity Tool
AI-01314,IoT Device #1314,Content generation,CLI,Education Module
AI-01315,Automation Script #1315,Smart scheduling,Desktop,Digital Tool
AI-01316,Cybersecurity Tool #1316,Recommendation,Desktop,Finance Bot
AI-01317,Automation Script #1317,Virtual simulation,API,Marketing Engine
AI-01318,Digital Tool #1318,Smart scheduling,Mobile,Creative Generator
AI-01319,Health Tech #1319,Content generation,Web,Finance Bot
AI-01320,IoT Device #1320,Task automation,Mobile,Automation Script
AI-01321,AI Assistant #1321,Recommendation,CLI,Digital Tool
AI-01322,Digital Tool #1322,Smart scheduling,CLI,Health Tech
AI-01323,Finance Bot #1323,Creative design,Desktop,Digital Tool
AI-01324,Digital Tool #1324,Smart scheduling,API,Digital Tool
AI-01325,Cybersecurity Tool #1325,Real-time monitoring,API,Education Module
AI-01326,Cybersecurity Tool #1326,Recommendation,Desktop,Marketing Engine
AI-01327,Cybersecurity Tool #1327,Data analysis,Desktop,Finance Bot
AI-01328,Education Module #1328,Real-time monitoring,Embedded,AI Assistant
AI-01329,Creative Generator #1329,Virtual simulation,Desktop,IoT Device
AI-01330,Automation Script #1330,Recommendation,Web,Education Module
AI-01331,Marketing Engine #1331,Smart scheduling,Mobile,Health Tech
AI-01332,Creative Generator #1332,Customer support,API,Health Tech
AI-01333,Health Tech #1333,Customer support,Desktop,Automation Script
AI-01334,Creative Generator #1334,Virtual simulation,Mobile,AI Assistant
AI-01335,IoT Device #1335,Customer support,Web,Digital Tool
AI-01336,Education Module #1336,Content generation,CLI,IoT Device
AI-01337,IoT Device #1337,Virtual simulation,Embedded,Creative Generator
AI-01338,Creative Generator #1338,Task automation,Embedded,Digital Tool
AI-01339,Health Tech #1339,Task automation,API,Marketing Engine
AI-01340,Health Tech #1340,Data analysis,Embedded,AI Assistant
AI-01341,Marketing Engine #1341,Creative design,Desktop,Digital Tool
AI-01342,Creative Generator #1342,Customer support,Web,Education Module
AI-01343,IoT Device #1343,Real-time monitoring,Embedded,Marketing Engine
AI-01344,Creative Generator #1344,Virtual simulation,Desktop,IoT Device
AI-01345,Finance Bot #1345,Real-time monitoring,API,Education Module
AI-01346,Health Tech #1346,Recommendation,Web,IoT Device
AI-01347,Finance Bot #1347,Smart scheduling,Web,Finance Bot
AI-01348,Health Tech #1348,Content generation,Desktop,Automation Script
AI-01349,Creative Generator #1349,Task automation,CLI,Education Module
AI-01350,Education Module #1350,Content generation,Mobile,Automation Script
AI-01351,AI Assistant #1351,Data analysis,Desktop,Digital Tool
AI-01352,Marketing Engine #1352,Creative design,Mobile,Digital Tool
AI-01353,Digital Tool #1353,Creative design,CLI,Finance Bot
AI-01354,Health Tech #1354,Data analysis,Embedded,AI Assistant
AI-01355,Digital Tool #1355,Smart scheduling,CLI,Digital Tool
AI-01356,Marketing Engine #1356,Task automation,Embedded,IoT Device
AI-01357,Education Module #1357,Real-time monitoring,Mobile,Education Module
AI-01358,Automation Script #1358,Smart scheduling,CLI,Cybersecurity Tool
AI-01359,Cybersecurity Tool #1359,Real-time monitoring,Embedded,Education Module
AI-01360,IoT Device #1360,Customer support,API,Health Tech
AI-01361,IoT Device #1361,Real-time monitoring,Mobile,Marketing Engine
AI-01362,Finance Bot #1362,Creative design,Embedded,Finance Bot
AI-01363,IoT Device #1363,Recommendation,Web,Finance Bot
AI-01364,Creative Generator #1364,Data analysis,Web,Digital Tool
AI-01365,Finance Bot #1365,Content generation,Desktop,IoT Device
AI-01366,IoT Device #1366,Data analysis,CLI,AI Assistant
AI-01367,Digital Tool #1367,Virtual simulation,Web,Automation Script
AI-01368,Marketing Engine #1368,Virtual simulation,Web,Finance Bot
AI-01369,IoT Device #1369,Content generation,API,Finance Bot
AI-01370,Finance Bot #1370,Translation,Mobile,Digital Tool
AI-01371,Finance Bot #1371,Data analysis,Embedded,Creative Generator
AI-01372,IoT Device #1372,Virtual simulation,Mobile,Finance Bot
AI-01373,Finance Bot #1373,Recommendation,Web,Health Tech
AI-01374,Automation Script #1374,Smart scheduling,Embedded,Education Module
AI-01375,Cybersecurity Tool #1375,Creative design,Embedded,Creative Generator
AI-01376,Cybersecurity Tool #1376,Real-time monitoring,Embedded,Cybersecurity Tool
AI-01377,Health Tech #1377,Recommendation,Mobile,Cybersecurity Tool
AI-01378,Creative Generator #1378,Smart scheduling,Web,Automation Script
AI-01379,AI Assistant #1379,Virtual simulation,Web,Cybersecurity Tool
AI-01380,Automation Script #1380,Smart scheduling,Desktop,Cybersecurity Tool
AI-01381,Education Module #1381,Real-time monitoring,Web,Health Tech
AI-01382,Digital Tool #1382,Data analysis,CLI,Creative Generator
AI-01383,Education Module #1383,Data analysis,Mobile,Digital Tool
AI-01384,Marketing Engine #1384,Task automation,Mobile,Digital Tool
AI-01385,Finance Bot #1385,Data analysis,Desktop,AI Assistant
AI-01386,Digital Tool #1386,Real-time monitoring,Web,Creative Generator
AI-01387,IoT Device #1387,Virtual simulation,Web,IoT Device
AI-01388,IoT Device #1388,Smart scheduling,Embedded,AI Assistant
AI-01389,Education Module #1389,Data analysis,CLI,Automation Script
AI-01390,Finance Bot #1390,Translation,Mobile,Finance Bot
AI-01391,Health Tech #1391,Task automation,CLI,Education Module
AI-01392,Marketing Engine #1392,Task automation,Mobile,Marketing Engine
AI-01393,Education Module #1393,Task automation,Desktop,AI Assistant
AI-01394,Digital Tool #1394,Translation,Web,Education Module
AI-01395,Creative Generator #1395,Translation,Mobile,Marketing Engine
AI-01396,Creative Generator #1396,Customer support,API,AI Assistant
AI-01397,IoT Device #1397,Translation,API,Finance Bot
AI-01398,Health Tech #1398,Virtual simulation,Embedded,Education Module
AI-01399,Cybersecurity Tool #1399,Customer support,Web,AI Assistant
AI-01400,Education Module #1400,Creative design,Embedded,Creative Generator
AI-01401,Education Module #1401,Translation,CLI,Marketing Engine
AI-01402,Education Module #1402,Recommendation,Desktop,Finance Bot
AI-01403,Cybersecurity Tool #1403,Translation,Web,Finance Bot
AI-01404,AI Assistant #1404,Customer support,API,Health Tech
AI-01405,Digital Tool #1405,Customer support,CLI,Finance Bot
AI-01406,AI Assistant #1406,Virtual simulation,Web,Automation Script
AI-01407,Cybersecurity Tool #1407,Data analysis,API,Marketing Engine
AI-01408,Automation Script #1408,Smart scheduling,Web,Cybersecurity Tool
AI-01409,Health Tech #1409,Data analysis,CLI,IoT Device
AI-01410,Marketing Engine #1410,Recommendation,Mobile,Creative Generator
AI-01411,IoT Device #1411,Customer support,Mobile,Cybersecurity Tool
AI-01412,AI Assistant #1412,Smart scheduling,API,IoT Device
AI-01413,Finance Bot #1413,Data analysis,Embedded,Automation Script
AI-01414,AI Assistant #1414,Recommendation,Embedded,Health Tech
AI-01415,Cybersecurity Tool #1415,Smart scheduling,CLI,Cybersecurity Tool
AI-01416,Health Tech #1416,Data analysis,API,IoT Device
AI-01417,Education Module #1417,Customer support,Embedded,AI Assistant
AI-01418,Education Module #1418,Creative design,CLI,Marketing Engine
AI-01419,Education Module #1419,Data analysis,Mobile,Cybersecurity Tool
AI-01420,Health Tech #1420,Real-time monitoring,Embedded,Cybersecurity Tool
AI-01421,Creative Generator #1421,Virtual simulation,Mobile,Health Tech
AI-01422,Digital Tool #1422,Recommendation,Embedded,Automation Script
AI-01423,Marketing Engine #1423,Data analysis,Web,Creative Generator
AI-01424,Marketing Engine #1424,Recommendation,Mobile,Finance Bot
AI-01425,Health Tech #1425,Data analysis,API,Finance Bot
AI-01426,Creative Generator #1426,Customer support,CLI,Cybersecurity Tool
AI-01427,Cybersecurity Tool #1427,Virtual simulation,Desktop,IoT Device
AI-01428,Digital Tool #1428,Creative design,Mobile,Health Tech
AI-01429,Creative Generator #1429,Customer support,Web,Cybersecurity Tool
AI-01430,Cybersecurity Tool #1430,Customer support,API,Finance Bot
AI-01431,Cybersecurity Tool #1431,Customer support,Mobile,Cybersecurity Tool
AI-01432,Finance Bot #1432,Creative design,Desktop,Education Module
AI-01433,Marketing Engine #1433,Data analysis,Desktop,Digital Tool
AI-01434,Education Module #1434,Content generation,Embedded,Health Tech
AI-01435,Automation Script #1435,Recommendation,CLI,IoT Device
AI-01436,Digital Tool #1436,Content generation,CLI,Marketing Engine
AI-01437,Cybersecurity Tool #1437,Smart scheduling,Web,Automation Script
AI-01438,Automation Script #1438,Virtual simulation,Web,Digital Tool
AI-01439,Health Tech #1439,Smart scheduling,API,AI Assistant
AI-01440,Digital Tool #1440,Recommendation,CLI,Creative Generator
AI-01441,Education Module #1441,Content generation,Desktop,AI Assistant
AI-01442,Health Tech #1442,Real-time monitoring,Embedded,IoT Device
AI-01443,Finance Bot #1443,Data analysis,CLI,Health Tech
AI-01444,Cybersecurity Tool #1444,Task automation,Embedded,Creative Generator
AI-01445,Marketing Engine #1445,Real-time monitoring,Mobile,Cybersecurity Tool
AI-01446,Automation Script #1446,Customer support,Desktop,Cybersecurity Tool
AI-01447,Automation Script #1447,Customer support,Mobile,Digital Tool
AI-01448,AI Assistant #1448,Content generation,Embedded,IoT Device
AI-01449,Creative Generator #1449,Data analysis,Desktop,Automation Script
AI-01450,Education Module #1450,Customer support,CLI,Digital Tool
AI-01451,Digital Tool #1451,Recommendation,Web,Creative Generator
AI-01452,Digital Tool #1452,Data analysis,Web,Creative Generator
AI-01453,Finance Bot #1453,Translation,Desktop,AI Assistant
AI-01454,Finance Bot #1454,Task automation,Web,Digital Tool
AI-01455,Cybersecurity Tool #1455,Translation,Embedded,Automation Script
AI-01456,Creative Generator #1456,Task automation,CLI,Finance Bot
AI-01457,Automation Script #1457,Data analysis,API,AI Assistant
AI-01458,Marketing Engine #1458,Customer support,Desktop,Education Module
AI-01459,AI Assistant #1459,Content generation,Embedded,Education Module
AI-01460,Digital Tool #1460,Virtual simulation,API,Education Module
AI-01461,Marketing Engine #1461,Recommendation,Web,Health Tech
AI-01462,Automation Script #1462,Content generation,CLI,Digital Tool
AI-01463,Cybersecurity Tool #1463,Translation,Desktop,Digital Tool
AI-01464,Cybersecurity Tool #1464,Customer support,API,Digital Tool
AI-01465,Finance Bot #1465,Content generation,Embedded,Finance Bot
AI-01466,IoT Device #1466,Creative design,API,Education Module
AI-01467,IoT Device #1467,Translation,Web,Health Tech
AI-01468,Cybersecurity Tool #1468,Translation,Embedded,Creative Generator
AI-01469,Finance Bot #1469,Customer support,CLI,AI Assistant
AI-01470,Automation Script #1470,Task automation,API,Health Tech
AI-01471,Education Module #1471,Data analysis,API,Digital Tool
AI-01472,Creative Generator #1472,Real-time monitoring,Desktop,Marketing Engine
AI-01473,Health Tech #1473,Translation,Desktop,AI Assistant
AI-01474,Marketing Engine #1474,Real-time monitoring,Web,AI Assistant
AI-01475,IoT Device #1475,Recommendation,CLI,IoT Device
AI-01476,Education Module #1476,Recommendation,Embedded,Education Module
AI-01477,Creative Generator #1477,Content generation,Mobile,Marketing Engine
AI-01478,Education Module #1478,Virtual simulation,Desktop,Marketing Engine
AI-01479,Health Tech #1479,Creative design,Embedded,Cybersecurity Tool
AI-01480,Marketing Engine #1480,Real-time monitoring,Embedded,Marketing Engine
AI-01481,Education Module #1481,Recommendation,Embedded,Cybersecurity Tool
AI-01482,Health Tech #1482,Creative design,Mobile,Creative Generator
AI-01483,Marketing Engine #1483,Virtual simulation,Web,Health Tech
AI-01484,Digital Tool #1484,Creative design,API,Marketing Engine
AI-01485,Creative Generator #1485,Data analysis,Mobile,Cybersecurity Tool
AI-01486,Finance Bot #1486,Virtual simulation,Mobile,Automation Script
AI-01487,Health Tech #1487,Task automation,CLI,Education Module
AI-01488,IoT Device #1488,Translation,CLI,AI Assistant
AI-01489,Digital Tool #1489,Real-time monitoring,CLI,AI Assistant
AI-01490,AI Assistant #1490,Content generation,API,Cybersecurity Tool
AI-01491,Creative Generator #1491,Creative design,Desktop,Health Tech
AI-01492,Marketing Engine #1492,Real-time monitoring,Web,Education Module
AI-01493,Creative Generator #1493,Content generation,Web,AI Assistant
AI-01494,Cybersecurity Tool #1494,Virtual simulation,Web,Creative Generator
AI-01495,Health Tech #1495,Translation,Mobile,Creative Generator
AI-01496,Finance Bot #1496,Task automation,API,Education Module
AI-01497,IoT Device #1497,Customer support,Web,Cybersecurity Tool
AI-01498,IoT Device #1498,Real-time monitoring,Desktop,Finance Bot
AI-01499,Education Module #1499,Real-time monitoring,API,IoT Device
AI-01500,Creative Generator #1500,Task automation,API,Education Module
AI-01501,AI Assistant #1501,Real-time monitoring,CLI,AI Assistant
AI-01502,Creative Generator #1502,Recommendation,Web,Cybersecurity Tool
AI-01503,AI Assistant #1503,Real-time monitoring,Embedded,Finance Bot
AI-01504,Creative Generator #1504,Recommendation,API,Cybersecurity Tool
AI-01505,Marketing Engine #1505,Data analysis,Embedded,Creative Generator
AI-01506,Health Tech #1506,Recommendation,Mobile,Finance Bot
AI-01507,AI Assistant #1507,Content generation,Desktop,Marketing Engine
AI-01508,Cybersecurity Tool #1508,Smart scheduling,CLI,AI Assistant
AI-01509,AI Assistant #1509,Data analysis,Embedded,AI Assistant
AI-01510,Automation Script #1510,Virtual simulation,Web,IoT Device
AI-01511,Finance Bot #1511,Creative design,CLI,Marketing Engine
AI-01512,Creative Generator #1512,Creative design,Mobile,Education Module
AI-01513,Creative Generator #1513,Virtual simulation,API,Digital Tool
AI-01514,Automation Script #1514,Translation,CLI,Automation Script
AI-01515,Automation Script #1515,Translation,API,IoT Device
AI-01516,AI Assistant #1516,Customer support,API,Education Module
AI-01517,Automation Script #1517,Virtual simulation,API,Digital Tool
AI-01518,Creative Generator #1518,Virtual simulation,Desktop,Marketing Engine
AI-01519,Cybersecurity Tool #1519,Creative design,Embedded,Health Tech
AI-01520,IoT Device #1520,Data analysis,Mobile,Marketing Engine
AI-01521,Automation Script #1521,Content generation,Desktop,Health Tech
AI-01522,Finance Bot #1522,Creative design,Mobile,Creative Generator
AI-01523,IoT Device #1523,Translation,Mobile,Education Module
AI-01524,Education Module #1524,Data analysis,Embedded,Education Module
AI-01525,Creative Generator #1525,Smart scheduling,Embedded,Finance Bot
AI-01526,Digital Tool #1526,Translation,Mobile,Creative Generator
AI-01527,Education Module #1527,Real-time monitoring,Embedded,Finance Bot
AI-01528,Marketing Engine #1528,Recommendation,Desktop,Health Tech
AI-01529,Digital Tool #1529,Data analysis,Desktop,AI Assistant
AI-01530,Automation Script #1530,Data analysis,API,Digital Tool
AI-01531,Education Module #1531,Content generation,API,Cybersecurity Tool
AI-01532,Finance Bot #1532,Task automation,Embedded,Cybersecurity Tool
AI-01533,IoT Device #1533,Real-time monitoring,Mobile,Marketing Engine
AI-01534,Cybersecurity Tool #1534,Recommendation,Mobile,Cybersecurity Tool
AI-01535,Cybersecurity Tool #1535,Translation,Mobile,Automation Script
AI-01536,AI Assistant #1536,Smart scheduling,CLI,Marketing Engine
AI-01537,Cybersecurity Tool #1537,Creative design,CLI,IoT Device
AI-01538,Marketing Engine #1538,Content generation,Web,Digital Tool
AI-01539,Health Tech #1539,Creative design,Embedded,Finance Bot
AI-01540,Creative Generator #1540,Creative design,Web,Education Module
AI-01541,Creative Generator #1541,Translation,Embedded,Finance Bot
AI-01542,Digital Tool #1542,Real-time monitoring,API,Health Tech
AI-01543,Digital Tool #1543,Smart scheduling,Web,IoT Device
AI-01544,AI Assistant #1544,Content generation,CLI,Health Tech
AI-01545,Health Tech #1545,Task automation,Embedded,Finance Bot
AI-01546,Education Module #1546,Task automation,CLI,IoT Device
AI-01547,Automation Script #1547,Real-time monitoring,Desktop,Education Module
AI-01548,Education Module #1548,Data analysis,Mobile,Health Tech
AI-01549,Finance Bot #1549,Real-time monitoring,Web,Marketing Engine
AI-01550,Cybersecurity Tool #1550,Content generation,CLI,Health Tech
AI-01551,Automation Script #1551,Customer support,Desktop,Creative Generator
AI-01552,Cybersecurity Tool #1552,Data analysis,Desktop,Digital Tool
AI-01553,Automation Script #1553,Real-time monitoring,API,Digital Tool
AI-01554,Marketing Engine #1554,Real-time monitoring,CLI,Education Module
AI-01555,Digital Tool #1555,Data analysis,CLI,Marketing Engine
AI-01556,AI Assistant #1556,Customer support,API,Automation Script
AI-01557,Digital Tool #1557,Customer support,CLI,AI Assistant
AI-01558,Digital Tool #1558,Translation,Web,IoT Device
AI-01559,Creative Generator #1559,Recommendation,Web,Digital Tool
AI-01560,Education Module #1560,Task automation,Embedded,Automation Script
AI-01561,AI Assistant #1561,Smart scheduling,CLI,Marketing Engine
AI-01562,Cybersecurity Tool #1562,Content generation,Mobile,Automation Script
AI-01563,Digital Tool #1563,Data analysis,Web,Finance Bot
AI-01564,Health Tech #1564,Smart scheduling,Mobile,Cybersecurity Tool
AI-01565,IoT Device #1565,Creative design,Mobile,IoT Device
AI-01566,Marketing Engine #1566,Recommendation,API,Health Tech
AI-01567,IoT Device #1567,Content generation,CLI,IoT Device
AI-01568,Cybersecurity Tool #1568,Task automation,Web,Cybersecurity Tool
AI-01569,Creative Generator #1569,Real-time monitoring,API,Education Module
AI-01570,Education Module #1570,Creative design,Desktop,Marketing Engine
AI-01571,Automation Script #1571,Task automation,Web,IoT Device
AI-01572,IoT Device #1572,Customer support,CLI,Education Module
AI-01573,Education Module #1573,Virtual simulation,Embedded,Health Tech
AI-01574,Cybersecurity Tool #1574,Customer support,Web,IoT Device
AI-01575,Health Tech #1575,Smart scheduling,Embedded,Finance Bot
AI-01576,AI Assistant #1576,Smart scheduling,API,Cybersecurity Tool
AI-01577,Education Module #1577,Translation,Web,Cybersecurity Tool
AI-01578,AI Assistant #1578,Real-time monitoring,Embedded,Finance Bot
AI-01579,AI Assistant #1579,Recommendation,Embedded,Automation Script
AI-01580,AI Assistant #1580,Translation,Web,Finance Bot
AI-01581,Automation Script #1581,Creative design,API,Marketing Engine
AI-01582,Creative Generator #1582,Smart scheduling,CLI,IoT Device
AI-01583,AI Assistant #1583,Creative design,CLI,Digital Tool
AI-01584,Education Module #1584,Translation,API,Creative Generator
AI-01585,Cybersecurity Tool #1585,Creative design,Mobile,Automation Script
AI-01586,Health Tech #1586,Customer support,Desktop,Marketing Engine
AI-01587,Education Module #1587,Content generation,Embedded,Health Tech
AI-01588,IoT Device #1588,Task automation,CLI,Cybersecurity Tool
AI-01589,Finance Bot #1589,Task automation,Embedded,Finance Bot
AI-01590,Finance Bot #1590,Recommendation,Mobile,Digital Tool
AI-01591,AI Assistant #1591,Smart scheduling,CLI,Digital Tool
AI-01592,IoT Device #1592,Translation,Embedded,Health Tech
AI-01593,IoT Device #1593,Task automation,Web,IoT Device
AI-01594,Finance Bot #1594,Task automation,Desktop,Creative Generator
AI-01595,IoT Device #1595,Customer support,Embedded,Digital Tool
AI-01596,Finance Bot #1596,Translation,CLI,Health Tech
AI-01597,Education Module #1597,Data analysis,Web,Digital Tool
AI-01598,IoT Device #1598,Translation,Embedded,Digital Tool
AI-01599,Digital Tool #1599,Translation,CLI,AI Assistant
AI-01600,Health Tech #1600,Real-time monitoring,Web,IoT Device
AI-01601,IoT Device #1601,Recommendation,Desktop,Creative Generator
AI-01602,IoT Device #1602,Translation,Embedded,Automation Script
AI-01603,IoT Device #1603,Virtual simulation,Desktop,Digital Tool
AI-01604,Marketing Engine #1604,Data analysis,CLI,Cybersecurity Tool
AI-01605,Cybersecurity Tool #1605,Recommendation,Web,Health Tech
AI-01606,Creative Generator #1606,Creative design,Mobile,Finance Bot
AI-01607,AI Assistant #1607,Recommendation,Web,Marketing Engine
AI-01608,AI Assistant #1608,Content generation,Embedded,Finance Bot
AI-01609,AI Assistant #1609,Smart scheduling,CLI,Finance Bot
AI-01610,Cybersecurity Tool #1610,Recommendation,API,Health Tech
AI-01611,IoT Device #1611,Customer support,API,Cybersecurity Tool
AI-01612,AI Assistant #1612,Virtual simulation,Desktop,AI Assistant
AI-01613,Education Module #1613,Translation,Embedded,Digital Tool
AI-01614,Health Tech #1614,Creative design,Web,AI Assistant
AI-01615,Creative Generator #1615,Smart scheduling,Desktop,IoT Device
AI-01616,AI Assistant #1616,Task automation,Embedded,Health Tech
AI-01617,Cybersecurity Tool #1617,Virtual simulation,API,AI Assistant
AI-01618,Automation Script #1618,Smart scheduling,Embedded,Creative Generator
AI-01619,Creative Generator #1619,Virtual simulation,CLI,Automation Script
AI-01620,Health Tech #1620,Virtual simulation,Mobile,Education Module
AI-01621,IoT Device #1621,Recommendation,API,Health Tech
AI-01622,Health Tech #1622,Data analysis,Desktop,Education Module
AI-01623,Automation Script #1623,Recommendation,Mobile,Automation Script
AI-01624,Digital Tool #1624,Content generation,API,Automation Script
AI-01625,Health Tech #1625,Customer support,CLI,Education Module
AI-01626,Finance Bot #1626,Recommendation,Mobile,Digital Tool
AI-01627,Digital Tool #1627,Creative design,API,Automation Script
AI-01628,Cybersecurity Tool #1628,Data analysis,Mobile,AI Assistant
AI-01629,Health Tech #1629,Data analysis,Mobile,Cybersecurity Tool
AI-01630,Education Module #1630,Real-time monitoring,Desktop,Digital Tool
AI-01631,Marketing Engine #1631,Virtual simulation,Mobile,Automation Script
AI-01632,IoT Device #1632,Creative design,API,IoT Device
AI-01633,Health Tech #1633,Creative design,Embedded,IoT Device
AI-01634,Automation Script #1634,Virtual simulation,Web,Marketing Engine
AI-01635,Digital Tool #1635,Creative design,Embedded,AI Assistant
AI-01636,Education Module #1636,Recommendation,Web,Digital Tool
AI-01637,Digital Tool #1637,Smart scheduling,Desktop,AI Assistant
AI-01638,IoT Device #1638,Virtual simulation,Desktop,Health Tech
AI-01639,Cybersecurity Tool #1639,Virtual simulation,CLI,Automation Script
AI-01640,Marketing Engine #1640,Translation,API,Finance Bot
AI-01641,Automation Script #1641,Real-time monitoring,Desktop,Automation Script
AI-01642,Cybersecurity Tool #1642,Translation,API,IoT Device
AI-01643,AI Assistant #1643,Smart scheduling,Mobile,Education Module
AI-01644,Digital Tool #1644,Creative design,Desktop,Marketing Engine
AI-01645,Digital Tool #1645,Data analysis,API,Digital Tool
AI-01646,Finance Bot #1646,Data analysis,Embedded,Education Module
AI-01647,Health Tech #1647,Task automation,Mobile,Cybersecurity Tool
AI-01648,Education Module #1648,Content generation,Mobile,Cybersecurity Tool
AI-01649,Marketing Engine #1649,Smart scheduling,Embedded,Digital Tool
AI-01650,IoT Device #1650,Content generation,Mobile,Health Tech
AI-01651,IoT Device #1651,Task automation,Mobile,Digital Tool
AI-01652,Marketing Engine #1652,Smart scheduling,CLI,Cybersecurity Tool
AI-01653,Education Module #1653,Content generation,Mobile,Education Module
AI-01654,Marketing Engine #1654,Translation,Embedded,Education Module
AI-01655,Cybersecurity Tool #1655,Virtual simulation,Mobile,Cybersecurity Tool
AI-01656,Creative Generator #1656,Content generation,Embedded,AI Assistant
AI-01657,Automation Script #1657,Data analysis,Desktop,AI Assistant
AI-01658,Creative Generator #1658,Real-time monitoring,Web,AI Assistant
AI-01659,AI Assistant #1659,Creative design,Web,Digital Tool
AI-01660,AI Assistant #1660,Data analysis,API,Cybersecurity Tool
AI-01661,AI Assistant #1661,Creative design,Mobile,Marketing Engine
AI-01662,Cybersecurity Tool #1662,Smart scheduling,Mobile,Health Tech
AI-01663,Health Tech #1663,Task automation,API,Automation Script
AI-01664,Marketing Engine #1664,Recommendation,Web,Digital Tool
AI-01665,Finance Bot #1665,Customer support,Mobile,Health Tech
AI-01666,Digital Tool #1666,Content generation,Embedded,AI Assistant
AI-01667,AI Assistant #1667,Content generation,Desktop,Marketing Engine
AI-01668,Finance Bot #1668,Task automation,Mobile,IoT Device
AI-01669,Digital Tool #1669,Creative design,CLI,AI Assistant
AI-01670,Finance Bot #1670,Content generation,API,AI Assistant
AI-01671,Finance Bot #1671,Smart scheduling,Mobile,Marketing Engine
AI-01672,Marketing Engine #1672,Creative design,Embedded,Automation Script
AI-01673,Digital Tool #1673,Virtual simulation,Embedded,Finance Bot
AI-01674,Finance Bot #1674,Content generation,Mobile,Finance Bot
AI-01675,Finance Bot #1675,Real-time monitoring,Web,Finance Bot
AI-01676,Creative Generator #1676,Creative design,Web,Digital Tool
AI-01677,Digital Tool #1677,Data analysis,Web,Education Module
AI-01678,Cybersecurity Tool #1678,Smart scheduling,API,Marketing Engine
AI-01679,Marketing Engine #1679,Virtual simulation,Desktop,Digital Tool
AI-01680,Automation Script #1680,Recommendation,Mobile,AI Assistant
AI-01681,Health Tech #1681,Real-time monitoring,Desktop,Automation Script
AI-01682,Automation Script #1682,Smart scheduling,Embedded,Health Tech
AI-01683,Digital Tool #1683,Task automation,Mobile,Marketing Engine
AI-01684,Marketing Engine #1684,Content generation,Mobile,Digital Tool
AI-01685,AI Assistant #1685,Task automation,Web,Automation Script
AI-01686,Creative Generator #1686,Content generation,CLI,Cybersecurity Tool
AI-01687,Finance Bot #1687,Customer support,Desktop,Finance Bot
AI-01688,Marketing Engine #1688,Virtual simulation,CLI,Finance Bot
AI-01689,IoT Device #1689,Creative design,Desktop,AI Assistant
AI-01690,AI Assistant #1690,Customer support,Mobile,Marketing Engine
AI-01691,Cybersecurity Tool #1691,Virtual simulation,Desktop,Cybersecurity Tool
AI-01692,Education Module #1692,Smart scheduling,Desktop,Creative Generator
AI-01693,Health Tech #1693,Customer support,Embedded,Finance Bot
AI-01694,Automation Script #1694,Creative design,Desktop,IoT Device
AI-01695,IoT Device #1695,Data analysis,Web,AI Assistant
AI-01696,Cybersecurity Tool #1696,Content generation,Desktop,Digital Tool
AI-01697,Finance Bot #1697,Smart scheduling,Web,Marketing Engine
AI-01698,Cybersecurity Tool #1698,Customer support,API,Finance Bot
AI-01699,Digital Tool #1699,Real-time monitoring,API,Creative Generator
AI-01700,Cybersecurity Tool #1700,Recommendation,CLI,AI Assistant
AI-01701,Digital Tool #1701,Smart scheduling,Desktop,Cybersecurity Tool
AI-01702,AI Assistant #1702,Smart scheduling,API,Education Module
AI-01703,IoT Device #1703,Content generation,CLI,AI Assistant
AI-01704,Digital Tool #1704,Customer support,Embedded,Education Module
AI-01705,Finance Bot #1705,Customer support,Desktop,Creative Generator
AI-01706,IoT Device #1706,Virtual simulation,Embedded,Marketing Engine
AI-01707,Marketing Engine #1707,Task automation,Embedded,Education Module
AI-01708,Creative Generator #1708,Creative design,CLI,AI Assistant
AI-01709,Education Module #1709,Translation,Embedded,Digital Tool
AI-01710,AI Assistant #1710,Translation,Desktop,Digital Tool
AI-01711,AI Assistant #1711,Smart scheduling,Desktop,Digital Tool
AI-01712,IoT Device #1712,Virtual simulation,Desktop,Finance Bot
AI-01713,Automation Script #1713,Real-time monitoring,Desktop,Education Module
AI-01714,Cybersecurity Tool #1714,Recommendation,Web,Automation Script
AI-01715,Cybersecurity Tool #1715,Content generation,Web,Health Tech
AI-01716,Automation Script #1716,Real-time monitoring,Web,AI Assistant
AI-01717,Cybersecurity Tool #1717,Real-time monitoring,Embedded,Creative Generator
AI-01718,AI Assistant #1718,Translation,Desktop,Marketing Engine
AI-01719,Health Tech #1719,Smart scheduling,Web,Health Tech
AI-01720,Cybersecurity Tool #1720,Content generation,API,Digital Tool
AI-01721,Creative Generator #1721,Content generation,API,Creative Generator
AI-01722,Finance Bot #1722,Customer support,Embedded,Creative Generator
AI-01723,IoT Device #1723,Real-time monitoring,API,Digital Tool
AI-01724,Creative Generator #1724,Customer support,Web,Cybersecurity Tool
AI-01725,AI Assistant #1725,Creative design,Desktop,Digital Tool
AI-01726,Digital Tool #1726,Content generation,Web,Creative Generator
AI-01727,IoT Device #1727,Translation,Embedded,Education Module
AI-01728,Finance Bot #1728,Real-time monitoring,Desktop,AI Assistant
AI-01729,Health Tech #1729,Content generation,API,Digital Tool
AI-01730,Digital Tool #1730,Translation,Web,Education Module
AI-01731,Education Module #1731,Recommendation,Desktop,IoT Device
AI-01732,Digital Tool #1732,Virtual simulation,Mobile,Cybersecurity Tool
AI-01733,Education Module #1733,Data analysis,CLI,Cybersecurity Tool
AI-01734,Cybersecurity Tool #1734,Recommendation,API,Cybersecurity Tool
AI-01735,IoT Device #1735,Recommendation,Desktop,Creative Generator
AI-01736,Automation Script #1736,Data analysis,Web,AI Assistant
AI-01737,IoT Device #1737,Virtual simulation,API,Marketing Engine
AI-01738,Automation Script #1738,Smart scheduling,CLI,Education Module
AI-01739,Creative Generator #1739,Data analysis,Desktop,Education Module
AI-01740,Education Module #1740,Customer support,CLI,Automation Script
AI-01741,Health Tech #1741,Task automation,Desktop,Finance Bot
AI-01742,AI Assistant #1742,Recommendation,CLI,AI Assistant
AI-01743,Education Module #1743,Real-time monitoring,Mobile,Finance Bot
AI-01744,Education Module #1744,Real-time monitoring,Web,Education Module
AI-01745,Creative Generator #1745,Customer support,API,Finance Bot
AI-01746,Creative Generator #1746,Recommendation,Desktop,Creative Generator
AI-01747,Health Tech #1747,Smart scheduling,API,Digital Tool
AI-01748,Cybersecurity Tool #1748,Content generation,Embedded,IoT Device
AI-01749,IoT Device #1749,Smart scheduling,Desktop,Health Tech
AI-01750,Creative Generator #1750,Content generation,Embedded,Digital Tool
AI-01751,Cybersecurity Tool #1751,Recommendation,Embedded,Automation Script
AI-01752,Digital Tool #1752,Data analysis,Mobile,AI Assistant
AI-01753,Education Module #1753,Task automation,Embedded,Creative Generator
AI-01754,Creative Generator #1754,Recommendation,API,Cybersecurity Tool
AI-01755,Health Tech #1755,Smart scheduling,CLI,Creative Generator
AI-01756,AI Assistant #1756,Data analysis,CLI,IoT Device
AI-01757,Education Module #1757,Virtual simulation,API,Marketing Engine
AI-01758,Finance Bot #1758,Content generation,CLI,AI Assistant
AI-01759,IoT Device #1759,Creative design,CLI,Marketing Engine
AI-01760,Creative Generator #1760,Smart scheduling,Web,Marketing Engine
AI-01761,Creative Generator #1761,Recommendation,Embedded,IoT Device
AI-01762,Finance Bot #1762,Creative design,Mobile,Education Module
AI-01763,Automation Script #1763,Smart scheduling,API,Automation Script
AI-01764,IoT Device #1764,Data analysis,Desktop,Creative Generator
AI-01765,Cybersecurity Tool #1765,Task automation,API,Automation Script
AI-01766,Marketing Engine #1766,Creative design,API,Health Tech
AI-01767,Creative Generator #1767,Real-time monitoring,Desktop,Finance Bot
AI-01768,Digital Tool #1768,Translation,Web,AI Assistant
AI-01769,Cybersecurity Tool #1769,Task automation,Mobile,Creative Generator
AI-01770,Health Tech #1770,Task automation,Mobile,Cybersecurity Tool
AI-01771,Cybersecurity Tool #1771,Real-time monitoring,Embedded,IoT Device
AI-01772,Education Module #1772,Real-time monitoring,CLI,Marketing Engine
AI-01773,AI Assistant #1773,Virtual simulation,Mobile,Cybersecurity Tool
AI-01774,Cybersecurity Tool #1774,Recommendation,API,Education Module
AI-01775,Health Tech #1775,Task automation,Web,Cybersecurity Tool
AI-01776,Education Module #1776,Real-time monitoring,Mobile,AI Assistant
AI-01777,Finance Bot #1777,Task automation,Mobile,Finance Bot
AI-01778,Health Tech #1778,Recommendation,API,Health Tech
AI-01779,Digital Tool #1779,Translation,Web,Education Module
AI-01780,Automation Script #1780,Creative design,Mobile,Cybersecurity Tool
AI-01781,Automation Script #1781,Virtual simulation,Web,Education Module
AI-01782,Creative Generator #1782,Creative design,Embedded,Cybersecurity Tool
AI-01783,Education Module #1783,Real-time monitoring,Desktop,Marketing Engine
AI-01784,Creative Generator #1784,Content generation,CLI,Automation Script
AI-01785,Automation Script #1785,Translation,API,Automation Script
AI-01786,Creative Generator #1786,Task automation,CLI,Digital Tool
AI-01787,Creative Generator #1787,Task automation,Desktop,Creative Generator
AI-01788,Finance Bot #1788,Translation,API,Finance Bot
AI-01789,AI Assistant #1789,Real-time monitoring,Desktop,Creative Generator
AI-01790,IoT Device #1790,Task automation,Mobile,Marketing Engine
AI-01791,Cybersecurity Tool #1791,Real-time monitoring,Embedded,AI Assistant
AI-01792,Cybersecurity Tool #1792,Real-time monitoring,CLI,Education Module
AI-01793,Finance Bot #1793,Creative design,Desktop,Health Tech
AI-01794,Health Tech #1794,Recommendation,Web,Automation Script
AI-01795,Creative Generator #1795,Data analysis,Desktop,Finance Bot
AI-01796,Automation Script #1796,Recommendation,Desktop,IoT Device
AI-01797,Creative Generator #1797,Task automation,Mobile,AI Assistant
AI-01798,Marketing Engine #1798,Creative design,Web,IoT Device
AI-01799,Automation Script #1799,Content generation,Mobile,Finance Bot
AI-01800,Creative Generator #1800,Customer support,Web,Education Module
AI-01801,Automation Script #1801,Translation,API,Cybersecurity Tool
AI-01802,Creative Generator #1802,Task automation,Desktop,IoT Device
AI-01803,Education Module #1803,Virtual simulation,Desktop,Creative Generator
AI-01804,Digital Tool #1804,Smart scheduling,Mobile,Cybersecurity Tool
AI-01805,IoT Device #1805,Real-time monitoring,Mobile,Health Tech
AI-01806,AI Assistant #1806,Data analysis,Embedded,Education Module
AI-01807,Health Tech #1807,Real-time monitoring,Embedded,Creative Generator
AI-01808,Finance Bot #1808,Recommendation,API,AI Assistant
AI-01809,Automation Script #1809,Translation,CLI,Marketing Engine
AI-01810,IoT Device #1810,Data analysis,CLI,Automation Script
AI-01811,Health Tech #1811,Creative design,Web,Finance Bot
AI-01812,Cybersecurity Tool #1812,Data analysis,API,Automation Script
AI-01813,Digital Tool #1813,Creative design,Mobile,Education Module
AI-01814,Finance Bot #1814,Content generation,Desktop,Education Module
AI-01815,Cybersecurity Tool #1815,Smart scheduling,Embedded,Marketing Engine
AI-01816,Finance Bot #1816,Smart scheduling,Mobile,Health Tech
AI-01817,Health Tech #1817,Task automation,API,Education Module
AI-01818,Creative Generator #1818,Data analysis,CLI,Health Tech
AI-01819,Cybersecurity Tool #1819,Task automation,API,Automation Script
AI-01820,Automation Script #1820,Task automation,Embedded,Digital Tool
AI-01821,Education Module #1821,Smart scheduling,CLI,IoT Device
AI-01822,Education Module #1822,Task automation,API,Finance Bot
AI-01823,Marketing Engine #1823,Translation,CLI,IoT Device
AI-01824,Education Module #1824,Smart scheduling,Desktop,Creative Generator
AI-01825,Marketing Engine #1825,Recommendation,Desktop,Education Module
AI-01826,Digital Tool #1826,Content generation,CLI,Cybersecurity Tool
AI-01827,Finance Bot #1827,Virtual simulation,Desktop,Creative Generator
AI-01828,IoT Device #1828,Real-time monitoring,Embedded,Health Tech
AI-01829,Digital Tool #1829,Data analysis,API,Cybersecurity Tool
AI-01830,AI Assistant #1830,Virtual simulation,Mobile,Digital Tool
AI-01831,IoT Device #1831,Virtual simulation,Mobile,Health Tech
AI-01832,Finance Bot #1832,Recommendation,Mobile,AI Assistant
AI-01833,Digital Tool #1833,Virtual simulation,Desktop,Finance Bot
AI-01834,Digital Tool #1834,Translation,CLI,Education Module
AI-01835,Finance Bot #1835,Smart scheduling,Web,Health Tech
AI-01836,Cybersecurity Tool #1836,Task automation,Desktop,Marketing Engine
AI-01837,Health Tech #1837,Translation,CLI,Marketing Engine
AI-01838,Finance Bot #1838,Recommendation,Desktop,Marketing Engine
AI-01839,Education Module #1839,Recommendation,Embedded,Education Module
AI-01840,Marketing Engine #1840,Real-time monitoring,Mobile,Automation Script
AI-01841,Finance Bot #1841,Content generation,Web,Finance Bot
AI-01842,Automation Script #1842,Real-time monitoring,Desktop,Automation Script
AI-01843,Automation Script #1843,Smart scheduling,Mobile,Education Module
AI-01844,Finance Bot #1844,Content generation,Web,Creative Generator
AI-01845,Finance Bot #1845,Smart scheduling,Embedded,Marketing Engine
AI-01846,Finance Bot #1846,Task automation,CLI,Education Module
AI-01847,Creative Generator #1847,Recommendation,API,Health Tech
AI-01848,Health Tech #1848,Customer support,Desktop,Finance Bot
AI-01849,Cybersecurity Tool #1849,Creative design,API,Creative Generator
AI-01850,Automation Script #1850,Virtual simulation,API,Finance Bot
AI-01851,Automation Script #1851,Smart scheduling,API,Digital Tool
AI-01852,Education Module #1852,Task automation,CLI,Automation Script
AI-01853,Health Tech #1853,Smart scheduling,Desktop,Health Tech
AI-01854,Cybersecurity Tool #1854,Smart scheduling,API,Digital Tool
AI-01855,Health Tech #1855,Recommendation,CLI,Marketing Engine
AI-01856,Finance Bot #1856,Content generation,Web,Digital Tool
AI-01857,Education Module #1857,Translation,Embedded,Automation Script
AI-01858,IoT Device #1858,Task automation,API,Finance Bot
AI-01859,Finance Bot #1859,Smart scheduling,CLI,Health Tech
AI-01860,Marketing Engine #1860,Content generation,Embedded,AI Assistant
AI-01861,Finance Bot #1861,Virtual simulation,Embedded,AI Assistant
AI-01862,Health Tech #1862,Translation,API,Digital Tool
AI-01863,IoT Device #1863,Recommendation,Mobile,AI Assistant
AI-01864,AI Assistant #1864,Task automation,Embedded,Cybersecurity Tool
AI-01865,Automation Script #1865,Content generation,Embedded,Digital Tool
AI-01866,AI Assistant #1866,Task automation,API,Cybersecurity Tool
AI-01867,Digital Tool #1867,Creative design,Embedded,Finance Bot
AI-01868,Creative Generator #1868,Recommendation,Embedded,Automation Script
AI-01869,Finance Bot #1869,Content generation,CLI,IoT Device
AI-01870,Finance Bot #1870,Translation,Mobile,Creative Generator
AI-01871,IoT Device #1871,Task automation,Desktop,Finance Bot
AI-01872,Cybersecurity Tool #1872,Translation,API,AI Assistant
AI-01873,Marketing Engine #1873,Task automation,CLI,AI Assistant
AI-01874,Digital Tool #1874,Virtual simulation,Desktop,Automation Script
AI-01875,Marketing Engine #1875,Task automation,Desktop,IoT Device
AI-01876,Finance Bot #1876,Smart scheduling,Desktop,Cybersecurity Tool
AI-01877,AI Assistant #1877,Translation,Embedded,AI Assistant
AI-01878,IoT Device #1878,Recommendation,Desktop,Automation Script
AI-01879,Cybersecurity Tool #1879,Creative design,CLI,Education Module
AI-01880,AI Assistant #1880,Data analysis,Desktop,Health Tech
AI-01881,Cybersecurity Tool #1881,Customer support,Mobile,Cybersecurity Tool
AI-01882,Digital Tool #1882,Smart scheduling,API,Marketing Engine
AI-01883,Automation Script #1883,Recommendation,Web,Digital Tool
AI-01884,Cybersecurity Tool #1884,Virtual simulation,CLI,Education Module
AI-01885,IoT Device #1885,Creative design,Embedded,Creative Generator
AI-01886,Health Tech #1886,Virtual simulation,Web,Creative Generator
AI-01887,Automation Script #1887,Data analysis,Desktop,Marketing Engine
AI-01888,Automation Script #1888,Translation,Web,AI Assistant
AI-01889,IoT Device #1889,Real-time monitoring,API,Automation Script
AI-01890,Finance Bot #1890,Recommendation,API,AI Assistant
AI-01891,Education Module #1891,Virtual simulation,API,Cybersecurity Tool
AI-01892,Digital Tool #1892,Recommendation,CLI,Health Tech
AI-01893,AI Assistant #1893,Task automation,API,Education Module
AI-01894,Cybersecurity Tool #1894,Creative design,CLI,Health Tech
AI-01895,Education Module #1895,Customer support,Mobile,Finance Bot
AI-01896,Education Module #1896,Smart scheduling,Embedded,Cybersecurity Tool
AI-01897,AI Assistant #1897,Customer support,Mobile,Education Module
AI-01898,Digital Tool #1898,Task automation,API,Automation Script
AI-01899,Finance Bot #1899,Customer support,CLI,Health Tech
AI-01900,Finance Bot #1900,Virtual simulation,API,Health Tech
AI-01901,Health Tech #1901,Creative design,Web,Health Tech
AI-01902,Marketing Engine #1902,Recommendation,Web,Marketing Engine
AI-01903,Digital Tool #1903,Creative design,API,AI Assistant
AI-01904,AI Assistant #1904,Translation,CLI,IoT Device
AI-01905,Digital Tool #1905,Virtual simulation,Desktop,AI Assistant
AI-01906,Cybersecurity Tool #1906,Translation,API,Creative Generator
AI-01907,Digital Tool #1907,Creative design,Web,Health Tech
AI-01908,IoT Device #1908,Real-time monitoring,Desktop,AI Assistant
AI-01909,IoT Device #1909,Content generation,Desktop,IoT Device
AI-01910,Cybersecurity Tool #1910,Real-time monitoring,Desktop,Health Tech
AI-01911,Finance Bot #1911,Customer support,CLI,Finance Bot
AI-01912,Finance Bot #1912,Creative design,API,Education Module
AI-01913,Marketing Engine #1913,Virtual simulation,API,Finance Bot
AI-01914,Finance Bot #1914,Creative design,Web,Creative Generator
AI-01915,Cybersecurity Tool #1915,Smart scheduling,CLI,Automation Script
AI-01916,Finance Bot #1916,Task automation,Mobile,Cybersecurity Tool
AI-01917,IoT Device #1917,Customer support,Mobile,Digital Tool
AI-01918,Cybersecurity Tool #1918,Task automation,Mobile,Finance Bot
AI-01919,Finance Bot #1919,Translation,Mobile,Creative Generator
AI-01920,Creative Generator #1920,Real-time monitoring,Mobile,Creative Generator
AI-01921,Health Tech #1921,Translation,Mobile,Education Module
AI-01922,Education Module #1922,Creative design,CLI,Creative Generator
AI-01923,Automation Script #1923,Real-time monitoring,Desktop,Digital Tool
AI-01924,Health Tech #1924,Content generation,Desktop,Marketing Engine
AI-01925,Marketing Engine #1925,Content generation,API,Education Module
AI-01926,Education Module #1926,Smart scheduling,Mobile,Education Module
AI-01927,Health Tech #1927,Real-time monitoring,Embedded,Digital Tool
AI-01928,Marketing Engine #1928,Customer support,CLI,Digital Tool
AI-01929,Education Module #1929,Content generation,Embedded,Creative Generator
AI-01930,Automation Script #1930,Recommendation,Mobile,Digital Tool
AI-01931,Marketing Engine #1931,Smart scheduling,Embedded,Education Module
AI-01932,Education Module #1932,Customer support,Web,Cybersecurity Tool
AI-01933,Digital Tool #1933,Content generation,Web,Health Tech
AI-01934,AI Assistant #1934,Recommendation,API,Automation Script
AI-01935,Creative Generator #1935,Content generation,CLI,Digital Tool
AI-01936,Health Tech #1936,Translation,Mobile,Finance Bot
AI-01937,Cybersecurity Tool #1937,Real-time monitoring,CLI,Creative Generator
AI-01938,Marketing Engine #1938,Customer support,Web,Automation Script
AI-01939,Finance Bot #1939,Task automation,Embedded,AI Assistant
AI-01940,Digital Tool #1940,Virtual simulation,Web,AI Assistant
AI-01941,Automation Script #1941,Task automation,Desktop,Digital Tool
AI-01942,IoT Device #1942,Virtual simulation,Mobile,Finance Bot
AI-01943,Automation Script #1943,Recommendation,Desktop,AI Assistant
AI-01944,Marketing Engine #1944,Real-time monitoring,API,IoT Device
AI-01945,Creative Generator #1945,Virtual simulation,Desktop,AI Assistant
AI-01946,IoT Device #1946,Creative design,Mobile,Health Tech
AI-01947,Health Tech #1947,Recommendation,Mobile,AI Assistant
AI-01948,Finance Bot #1948,Real-time monitoring,Mobile,Marketing Engine
AI-01949,Cybersecurity Tool #1949,Task automation,Embedded,Education Module
AI-01950,Digital Tool #1950,Real-time monitoring,API,IoT Device
AI-01951,Finance Bot #1951,Task automation,Embedded,Marketing Engine
AI-01952,Finance Bot #1952,Task automation,Web,AI Assistant
AI-01953,Digital Tool #1953,Virtual simulation,Web,AI Assistant
AI-01954,Finance Bot #1954,Task automation,Web,Digital Tool
AI-01955,IoT Device #1955,Recommendation,Web,Digital Tool
AI-01956,Finance Bot #1956,Creative design,CLI,Finance Bot
AI-01957,Health Tech #1957,Smart scheduling,CLI,AI Assistant
AI-01958,Creative Generator #1958,Data analysis,Embedded,Automation Script
AI-01959,Automation Script #1959,Task automation,Desktop,IoT Device
AI-01960,Digital Tool #1960,Creative design,CLI,Digital Tool
AI-01961,Digital Tool #1961,Creative design,Web,Cybersecurity Tool
AI-01962,Digital Tool #1962,Smart scheduling,Embedded,Cybersecurity Tool
AI-01963,AI Assistant #1963,Content generation,API,Finance Bot
AI-01964,Cybersecurity Tool #1964,Customer support,Web,Automation Script
AI-01965,Marketing Engine #1965,Translation,API,Health Tech
AI-01966,Cybersecurity Tool #1966,Recommendation,Desktop,AI Assistant
AI-01967,Marketing Engine #1967,Content generation,Mobile,IoT Device
AI-01968,Digital Tool #1968,Customer support,Embedded,Education Module
AI-01969,Digital Tool #1969,Smart scheduling,Desktop,Digital Tool
AI-01970,Health Tech #1970,Creative design,Embedded,Creative Generator
AI-01971,Health Tech #1971,Customer support,Mobile,IoT Device
AI-01972,IoT Device #1972,Customer support,Mobile,Creative Generator
AI-01973,IoT Device #1973,Data analysis,Mobile,Finance Bot
AI-01974,Health Tech #1974,Virtual simulation,Web,Finance Bot
AI-01975,Health Tech #1975,Virtual simulation,API,Education Module
AI-01976,AI Assistant #1976,Creative design,CLI,Automation Script
AI-01977,Education Module #1977,Content generation,Desktop,Automation Script
AI-01978,Cybersecurity Tool #1978,Smart scheduling,Desktop,Cybersecurity Tool
AI-01979,IoT Device #1979,Customer support,Web,IoT Device
AI-01980,Creative Generator #1980,Content generation,Web,Cybersecurity Tool
AI-01981,Creative Generator #1981,Smart scheduling,Desktop,Marketing Engine
AI-01982,Automation Script #1982,Content generation,Web,AI Assistant
AI-01983,Digital Tool #1983,Real-time monitoring,Desktop,Digital Tool
AI-01984,Finance Bot #1984,Creative design,Web,AI Assistant
AI-01985,Finance Bot #1985,Real-time monitoring,API,Cybersecurity Tool
AI-01986,Education Module #1986,Translation,API,IoT Device
AI-01987,IoT Device #1987,Creative design,Desktop,IoT Device
AI-01988,Cybersecurity Tool #1988,Creative design,Web,Education Module
AI-01989,Automation Script #1989,Virtual simulation,Mobile,Finance Bot
AI-01990,Digital Tool #1990,Translation,Embedded,Finance Bot
AI-01991,Cybersecurity Tool #1991,Smart scheduling,Desktop,Marketing Engine
AI-01992,AI Assistant #1992,Customer support,Desktop,Marketing Engine
AI-01993,Cybersecurity Tool #1993,Customer support,Desktop,Cybersecurity Tool
AI-01994,AI Assistant #1994,Data analysis,Web,Automation Script
AI-01995,Digital Tool #1995,Virtual simulation,Mobile,Education Module
AI-01996,Automation Script #1996,Real-time monitoring,Embedded,Cybersecurity Tool
AI-01997,AI Assistant #1997,Task automation,Mobile,Creative Generator
AI-01998,AI Assistant #1998,Content generation,Mobile,Creative Generator
AI-01999,Creative Generator #1999,Real-time monitoring,Desktop,IoT Device
AI-02000,IoT Device #2000,Smart scheduling,Mobile,Cybersecurity Tool
AI-02001,Marketing Engine #2001,Virtual simulation,CLI,IoT Device
AI-02002,Creative Generator #2002,Translation,Mobile,Finance Bot
AI-02003,Health Tech #2003,Smart scheduling,API,Cybersecurity Tool
AI-02004,Cybersecurity Tool #2004,Customer support,Embedded,IoT Device
AI-02005,IoT Device #2005,Content generation,Embedded,Marketing Engine
AI-02006,Marketing Engine #2006,Content generation,CLI,Digital Tool
AI-02007,IoT Device #2007,Virtual simulation,API,AI Assistant
AI-02008,AI Assistant #2008,Customer support,CLI,Digital Tool
AI-02009,Health Tech #2009,Virtual simulation,CLI,Cybersecurity Tool
AI-02010,Cybersecurity Tool #2010,Task automation,API,Finance Bot
AI-02011,Education Module #2011,Virtual simulation,Mobile,Finance Bot
AI-02012,IoT Device #2012,Recommendation,CLI,AI Assistant
AI-02013,Education Module #2013,Task automation,Embedded,Marketing Engine
AI-02014,Automation Script #2014,Recommendation,Desktop,Education Module
AI-02015,Creative Generator #2015,Smart scheduling,Web,Creative Generator
AI-02016,IoT Device #2016,Task automation,Embedded,AI Assistant
AI-02017,IoT Device #2017,Translation,Embedded,Health Tech
AI-02018,Cybersecurity Tool #2018,Recommendation,API,Digital Tool
AI-02019,Creative Generator #2019,Data analysis,Web,Cybersecurity Tool
AI-02020,Digital Tool #2020,Virtual simulation,API,Health Tech
AI-02021,Creative Generator #2021,Data analysis,Desktop,Digital Tool
AI-02022,IoT Device #2022,Real-time monitoring,Embedded,Health Tech
AI-02023,Digital Tool #2023,Content generation,CLI,Marketing Engine
AI-02024,Digital Tool #2024,Virtual simulation,Mobile,Automation Script
AI-02025,Creative Generator #2025,Data analysis,Embedded,Cybersecurity Tool
AI-02026,Digital Tool #2026,Data analysis,API,Automation Script
AI-02027,Automation Script #2027,Smart scheduling,Web,Finance Bot
AI-02028,IoT Device #2028,Data analysis,API,Health Tech
AI-02029,Marketing Engine #2029,Creative design,Embedded,Cybersecurity Tool
AI-02030,IoT Device #2030,Creative design,API,AI Assistant
AI-02031,Finance Bot #2031,Virtual simulation,CLI,Creative Generator
AI-02032,Education Module #2032,Translation,Embedded,Automation Script
AI-02033,Education Module #2033,Virtual simulation,API,Marketing Engine
AI-02034,Marketing Engine #2034,Customer support,Mobile,AI Assistant
AI-02035,IoT Device #2035,Data analysis,Embedded,Digital Tool
AI-02036,Health Tech #2036,Recommendation,API,Cybersecurity Tool
AI-02037,Education Module #2037,Data analysis,Desktop,Cybersecurity Tool
AI-02038,Education Module #2038,Data analysis,Desktop,Creative Generator
AI-02039,AI Assistant #2039,Real-time monitoring,Web,Marketing Engine
AI-02040,AI Assistant #2040,Smart scheduling,Embedded,Digital Tool
AI-02041,Creative Generator #2041,Task automation,Web,AI Assistant
AI-02042,Cybersecurity Tool #2042,Content generation,Mobile,Finance Bot
AI-02043,Education Module #2043,Creative design,Embedded,Digital Tool
AI-02044,Cybersecurity Tool #2044,Real-time monitoring,CLI,Cybersecurity Tool
AI-02045,Automation Script #2045,Translation,Web,Education Module
AI-02046,Digital Tool #2046,Task automation,Desktop,AI Assistant
AI-02047,Finance Bot #2047,Creative design,Mobile,Automation Script
AI-02048,Cybersecurity Tool #2048,Content generation,CLI,Digital Tool
AI-02049,Education Module #2049,Creative design,Web,Education Module
AI-02050,Health Tech #2050,Translation,CLI,Cybersecurity Tool
AI-02051,Finance Bot #2051,Creative design,Embedded,IoT Device
AI-02052,Automation Script #2052,Smart scheduling,CLI,Cybersecurity Tool
AI-02053,IoT Device #2053,Real-time monitoring,Embedded,IoT Device
AI-02054,AI Assistant #2054,Real-time monitoring,Mobile,AI Assistant
AI-02055,Health Tech #2055,Customer support,Desktop,Education Module
AI-02056,Digital Tool #2056,Recommendation,Web,Education Module
AI-02057,Finance Bot #2057,Data analysis,API,Health Tech
AI-02058,Cybersecurity Tool #2058,Creative design,Embedded,Automation Script
AI-02059,IoT Device #2059,Translation,Embedded,Health Tech
AI-02060,Marketing Engine #2060,Translation,API,Digital Tool
AI-02061,Health Tech #2061,Real-time monitoring,Embedded,AI Assistant
AI-02062,Finance Bot #2062,Content generation,CLI,Education Module
AI-02063,Digital Tool #2063,Customer support,Desktop,Marketing Engine
AI-02064,Automation Script #2064,Recommendation,Web,Marketing Engine
AI-02065,Creative Generator #2065,Task automation,API,Automation Script
AI-02066,Education Module #2066,Data analysis,API,Cybersecurity Tool
AI-02067,Finance Bot #2067,Real-time monitoring,API,Health Tech
AI-02068,Automation Script #2068,Customer support,Embedded,AI Assistant
AI-02069,IoT Device #2069,Data analysis,API,Automation Script
AI-02070,AI Assistant #2070,Virtual simulation,Web,Digital Tool
AI-02071,Automation Script #2071,Creative design,API,Education Module
AI-02072,Digital Tool #2072,Recommendation,Mobile,Cybersecurity Tool
AI-02073,Health Tech #2073,Translation,CLI,Health Tech
AI-02074,Creative Generator #2074,Content generation,Embedded,Education Module
AI-02075,Health Tech #2075,Smart scheduling,Embedded,Marketing Engine
AI-02076,AI Assistant #2076,Recommendation,CLI,Automation Script
AI-02077,Finance Bot #2077,Virtual simulation,CLI,Digital Tool
AI-02078,Cybersecurity Tool #2078,Creative design,Mobile,Marketing Engine
AI-02079,Cybersecurity Tool #2079,Creative design,CLI,Health Tech
AI-02080,Cybersecurity Tool #2080,Creative design,Web,Cybersecurity Tool
AI-02081,Finance Bot #2081,Translation,Mobile,Digital Tool
AI-02082,Digital Tool #2082,Recommendation,Desktop,Digital Tool
AI-02083,Digital Tool #2083,Customer support,Embedded,AI Assistant
AI-02084,Creative Generator #2084,Virtual simulation,Desktop,Automation Script
AI-02085,Education Module #2085,Virtual simulation,CLI,Health Tech
AI-02086,Automation Script #2086,Virtual simulation,Desktop,Creative Generator
AI-02087,Creative Generator #2087,Customer support,CLI,Education Module
AI-02088,Marketing Engine #2088,Content generation,Desktop,Cybersecurity Tool
AI-02089,Automation Script #2089,Translation,CLI,Digital Tool
AI-02090,Creative Generator #2090,Creative design,Embedded,Cybersecurity Tool
AI-02091,Finance Bot #2091,Creative design,Embedded,Education Module
AI-02092,Education Module #2092,Customer support,API,Education Module
AI-02093,Digital Tool #2093,Content generation,Mobile,Creative Generator
AI-02094,IoT Device #2094,Content generation,Desktop,Creative Generator
AI-02095,Digital Tool #2095,Translation,Web,Finance Bot
AI-02096,Digital Tool #2096,Recommendation,Mobile,Finance Bot
AI-02097,Finance Bot #2097,Data analysis,Embedded,Automation Script
AI-02098,Marketing Engine #2098,Real-time monitoring,Mobile,Health Tech
AI-02099,Cybersecurity Tool #2099,Creative design,Embedded,IoT Device
AI-02100,Marketing Engine #2100,Recommendation,Desktop,Finance Bot
AI-02101,Education Module #2101,Real-time monitoring,CLI,Creative Generator
AI-02102,Finance Bot #2102,Customer support,Embedded,AI Assistant
AI-02103,IoT Device #2103,Virtual simulation,API,Education Module
AI-02104,AI Assistant #2104,Smart scheduling,Mobile,Education Module
AI-02105,AI Assistant #2105,Data analysis,API,Cybersecurity Tool
AI-02106,Creative Generator #2106,Task automation,Web,AI Assistant
AI-02107,IoT Device #2107,Real-time monitoring,Web,AI Assistant
AI-02108,Education Module #2108,Recommendation,Embedded,Finance Bot
AI-02109,Cybersecurity Tool #2109,Data analysis,Embedded,IoT Device
AI-02110,Marketing Engine #2110,Creative design,CLI,Cybersecurity Tool
AI-02111,Health Tech #2111,Recommendation,Mobile,Digital Tool
AI-02112,Creative Generator #2112,Customer support,API,IoT Device
AI-02113,Automation Script #2113,Translation,Mobile,Automation Script
AI-02114,Digital Tool #2114,Real-time monitoring,API,Marketing Engine
AI-02115,Health Tech #2115,Real-time monitoring,API,Health Tech
AI-02116,Cybersecurity Tool #2116,Real-time monitoring,CLI,IoT Device
AI-02117,Automation Script #2117,Translation,Embedded,Marketing Engine
AI-02118,Health Tech #2118,Customer support,API,Automation Script
AI-02119,Cybersecurity Tool #2119,Recommendation,CLI,Marketing Engine
AI-02120,Creative Generator #2120,Real-time monitoring,API,Health Tech
AI-02121,Health Tech #2121,Data analysis,Desktop,Digital Tool
AI-02122,Marketing Engine #2122,Smart scheduling,Embedded,Finance Bot
AI-02123,Cybersecurity Tool #2123,Task automation,Embedded,Digital Tool
AI-02124,AI Assistant #2124,Data analysis,Desktop,AI Assistant
AI-02125,Cybersecurity Tool #2125,Smart scheduling,Mobile,Cybersecurity Tool
AI-02126,Automation Script #2126,Smart scheduling,CLI,Creative Generator
AI-02127,Finance Bot #2127,Creative design,Mobile,Cybersecurity Tool
AI-02128,AI Assistant #2128,Task automation,Embedded,Marketing Engine
AI-02129,Health Tech #2129,Translation,Web,Finance Bot
AI-02130,AI Assistant #2130,Task automation,Web,Automation Script
AI-02131,Education Module #2131,Content generation,Mobile,Marketing Engine
AI-02132,Creative Generator #2132,Recommendation,Embedded,Education Module
AI-02133,Education Module #2133,Translation,Mobile,Finance Bot
AI-02134,Creative Generator #2134,Virtual simulation,Embedded,Digital Tool
AI-02135,Digital Tool #2135,Content generation,Web,Automation Script
AI-02136,Digital Tool #2136,Task automation,Mobile,Education Module
AI-02137,Education Module #2137,Content generation,CLI,Marketing Engine
AI-02138,Digital Tool #2138,Recommendation,Mobile,Digital Tool
AI-02139,Digital Tool #2139,Smart scheduling,Mobile,Marketing Engine
AI-02140,Automation Script #2140,Translation,CLI,Health Tech
AI-02141,Digital Tool #2141,Smart scheduling,CLI,Automation Script
AI-02142,Finance Bot #2142,Task automation,CLI,Finance Bot
AI-02143,AI Assistant #2143,Creative design,API,Education Module
AI-02144,Finance Bot #2144,Smart scheduling,API,AI Assistant
AI-02145,Finance Bot #2145,Task automation,API,AI Assistant
AI-02146,IoT Device #2146,Creative design,Desktop,Education Module
AI-02147,IoT Device #2147,Virtual simulation,Embedded,Digital Tool
AI-02148,Creative Generator #2148,Customer support,Mobile,Health Tech
AI-02149,Creative Generator #2149,Smart scheduling,Web,Health Tech
AI-02150,Health Tech #2150,Content generation,CLI,Marketing Engine
AI-02151,Finance Bot #2151,Recommendation,API,Creative Generator
AI-02152,Creative Generator #2152,Virtual simulation,Embedded,Health Tech
AI-02153,Health Tech #2153,Real-time monitoring,CLI,AI Assistant
AI-02154,Marketing Engine #2154,Virtual simulation,Desktop,IoT Device
AI-02155,Automation Script #2155,Recommendation,Desktop,Health Tech
AI-02156,Digital Tool #2156,Translation,Desktop,Digital Tool
AI-02157,Health Tech #2157,Customer support,Web,Cybersecurity Tool
AI-02158,Digital Tool #2158,Data analysis,Web,Digital Tool
AI-02159,Digital Tool #2159,Data analysis,API,AI Assistant
AI-02160,Health Tech #2160,Customer support,CLI,Education Module
AI-02161,Digital Tool #2161,Customer support,Mobile,Automation Script
AI-02162,Cybersecurity Tool #2162,Smart scheduling,API,Digital Tool
AI-02163,AI Assistant #2163,Recommendation,Mobile,Digital Tool
AI-02164,Digital Tool #2164,Real-time monitoring,Desktop,Digital Tool
AI-02165,Digital Tool #2165,Real-time monitoring,API,Education Module
AI-02166,Cybersecurity Tool #2166,Translation,Mobile,Finance Bot
AI-02167,Creative Generator #2167,Translation,Embedded,Education Module
AI-02168,AI Assistant #2168,Customer support,API,Finance Bot
AI-02169,Automation Script #2169,Real-time monitoring,Mobile,Health Tech
AI-02170,Health Tech #2170,Recommendation,Embedded,IoT Device
AI-02171,Marketing Engine #2171,Customer support,Web,Creative Generator
AI-02172,Finance Bot #2172,Customer support,Web,Creative Generator
AI-02173,Creative Generator #2173,Real-time monitoring,Mobile,Creative Generator
AI-02174,Marketing Engine #2174,Data analysis,Embedded,Health Tech
AI-02175,Finance Bot #2175,Content generation,Embedded,Marketing Engine
AI-02176,Finance Bot #2176,Customer support,Mobile,Creative Generator
AI-02177,Cybersecurity Tool #2177,Recommendation,Web,Automation Script
AI-02178,Creative Generator #2178,Smart scheduling,Embedded,Health Tech
AI-02179,Finance Bot #2179,Data analysis,CLI,Automation Script
AI-02180,Creative Generator #2180,Customer support,CLI,Marketing Engine
AI-02181,Cybersecurity Tool #2181,Smart scheduling,Embedded,Health Tech
AI-02182,Creative Generator #2182,Content generation,Embedded,Digital Tool
AI-02183,Creative Generator #2183,Smart scheduling,API,IoT Device
AI-02184,IoT Device #2184,Creative design,API,Digital Tool
AI-02185,Health Tech #2185,Real-time monitoring,API,Health Tech
AI-02186,Marketing Engine #2186,Customer support,Mobile,Creative Generator
AI-02187,IoT Device #2187,Creative design,Desktop,Marketing Engine
AI-02188,Automation Script #2188,Translation,Mobile,AI Assistant
AI-02189,Marketing Engine #2189,Creative design,Mobile,Digital Tool
AI-02190,Finance Bot #2190,Virtual simulation,CLI,AI Assistant
AI-02191,Automation Script #2191,Content generation,Mobile,Finance Bot
AI-02192,Education Module #2192,Virtual simulation,Mobile,Health Tech
AI-02193,Automation Script #2193,Smart scheduling,Web,AI Assistant
AI-02194,IoT Device #2194,Virtual simulation,Desktop,Education Module
AI-02195,Creative Generator #2195,Real-time monitoring,CLI,Marketing Engine
AI-02196,Education Module #2196,Virtual simulation,Web,Education Module
AI-02197,AI Assistant #2197,Recommendation,Mobile,IoT Device
AI-02198,Education Module #2198,Smart scheduling,Embedded,IoT Device
AI-02199,Marketing Engine #2199,Translation,Web,IoT Device
AI-02200,IoT Device #2200,Smart scheduling,API,Cybersecurity Tool
AI-02201,Health Tech #2201,Virtual simulation,Web,Marketing Engine
AI-02202,Finance Bot #2202,Data analysis,CLI,Digital Tool
AI-02203,Creative Generator #2203,Task automation,CLI,Finance Bot
AI-02204,Digital Tool #2204,Creative design,Embedded,AI Assistant
AI-02205,Cybersecurity Tool #2205,Translation,Embedded,Cybersecurity Tool
AI-02206,Automation Script #2206,Recommendation,Mobile,Finance Bot
AI-02207,Finance Bot #2207,Translation,Mobile,Cybersecurity Tool
AI-02208,Education Module #2208,Translation,Desktop,Education Module
AI-02209,Marketing Engine #2209,Data analysis,Desktop,Education Module
AI-02210,Education Module #2210,Creative design,Web,Cybersecurity Tool
AI-02211,Automation Script #2211,Customer support,Embedded,Marketing Engine
AI-02212,Creative Generator #2212,Content generation,Desktop,IoT Device
AI-02213,Creative Generator #2213,Smart scheduling,Desktop,Health Tech
AI-02214,AI Assistant #2214,Content generation,Mobile,Education Module
AI-02215,AI Assistant #2215,Creative design,API,Health Tech
AI-02216,Marketing Engine #2216,Task automation,API,Marketing Engine
AI-02217,Marketing Engine #2217,Customer support,Web,Digital Tool
AI-02218,Marketing Engine #2218,Translation,CLI,IoT Device
AI-02219,Automation Script #2219,Customer support,Embedded,IoT Device
AI-02220,Finance Bot #2220,Real-time monitoring,Mobile,Cybersecurity Tool
AI-02221,Education Module #2221,Smart scheduling,API,Marketing Engine
AI-02222,AI Assistant #2222,Data analysis,CLI,Finance Bot
AI-02223,Marketing Engine #2223,Data analysis,Mobile,Digital Tool
AI-02224,Automation Script #2224,Content generation,Desktop,Marketing Engine
AI-02225,Finance Bot #2225,Data analysis,API,IoT Device
AI-02226,Cybersecurity Tool #2226,Recommendation,Embedded,Automation Script
AI-02227,Finance Bot #2227,Task automation,Desktop,Marketing Engine
AI-02228,Automation Script #2228,Task automation,CLI,Marketing Engine
AI-02229,Digital Tool #2229,Real-time monitoring,Mobile,Education Module
AI-02230,Marketing Engine #2230,Virtual simulation,Embedded,AI Assistant
AI-02231,Cybersecurity Tool #2231,Translation,Mobile,Marketing Engine
AI-02232,IoT Device #2232,Content generation,Web,Health Tech
AI-02233,Creative Generator #2233,Recommendation,Mobile,Marketing Engine
AI-02234,AI Assistant #2234,Creative design,API,Digital Tool
AI-02235,Creative Generator #2235,Recommendation,Desktop,AI Assistant
AI-02236,Cybersecurity Tool #2236,Virtual simulation,Web,Cybersecurity Tool
AI-02237,Cybersecurity Tool #2237,Data analysis,Desktop,Finance Bot
AI-02238,AI Assistant #2238,Task automation,API,Creative Generator
AI-02239,Creative Generator #2239,Customer support,Embedded,Cybersecurity Tool
AI-02240,Digital Tool #2240,Translation,Web,Education Module
AI-02241,Education Module #2241,Recommendation,Desktop,AI Assistant
AI-02242,Finance Bot #2242,Translation,Web,Digital Tool
AI-02243,Finance Bot #2243,Customer support,Embedded,AI Assistant
AI-02244,AI Assistant #2244,Smart scheduling,Desktop,AI Assistant
AI-02245,Health Tech #2245,Creative design,API,Automation Script
AI-02246,Automation Script #2246,Recommendation,Embedded,Creative Generator
AI-02247,Digital Tool #2247,Real-time monitoring,Desktop,Finance Bot
AI-02248,Education Module #2248,Creative design,API,Cybersecurity Tool
AI-02249,AI Assistant #2249,Virtual simulation,Web,Finance Bot
AI-02250,Cybersecurity Tool #2250,Data analysis,Desktop,Creative Generator
AI-02251,Health Tech #2251,Translation,CLI,AI Assistant
AI-02252,Creative Generator #2252,Translation,Desktop,Health Tech
AI-02253,Digital Tool #2253,Content generation,API,IoT Device
AI-02254,Digital Tool #2254,Content generation,CLI,IoT Device
AI-02255,Digital Tool #2255,Real-time monitoring,CLI,Finance Bot
AI-02256,Digital Tool #2256,Recommendation,Embedded,Marketing Engine
AI-02257,Digital Tool #2257,Translation,Web,Marketing Engine
AI-02258,Finance Bot #2258,Translation,Web,Cybersecurity Tool
AI-02259,Automation Script #2259,Virtual simulation,Desktop,Education Module
AI-02260,Automation Script #2260,Task automation,Embedded,Creative Generator
AI-02261,Digital Tool #2261,Data analysis,API,Education Module
AI-02262,Education Module #2262,Data analysis,Web,Marketing Engine
AI-02263,Creative Generator #2263,Translation,Embedded,Finance Bot
AI-02264,IoT Device #2264,Virtual simulation,API,Cybersecurity Tool
AI-02265,Creative Generator #2265,Customer support,Desktop,Cybersecurity Tool
AI-02266,Automation Script #2266,Translation,API,AI Assistant
AI-02267,Cybersecurity Tool #2267,Virtual simulation,Web,Cybersecurity Tool
AI-02268,IoT Device #2268,Content generation,Web,Finance Bot
AI-02269,Health Tech #2269,Translation,Desktop,Health Tech
AI-02270,IoT Device #2270,Virtual simulation,API,Cybersecurity Tool
AI-02271,Digital Tool #2271,Virtual simulation,API,Education Module
AI-02272,Digital Tool #2272,Content generation,Mobile,Marketing Engine
AI-02273,Automation Script #2273,Real-time monitoring,API,Marketing Engine
AI-02274,Health Tech #2274,Data analysis,Mobile,Health Tech
AI-02275,Health Tech #2275,Recommendation,Embedded,Digital Tool
AI-02276,IoT Device #2276,Data analysis,API,IoT Device
AI-02277,Creative Generator #2277,Customer support,Desktop,Health Tech
AI-02278,Health Tech #2278,Translation,Mobile,Automation Script
AI-02279,Marketing Engine #2279,Task automation,Embedded,Creative Generator
AI-02280,Creative Generator #2280,Smart scheduling,Web,Finance Bot
AI-02281,Automation Script #2281,Customer support,Desktop,Creative Generator
AI-02282,Education Module #2282,Translation,Mobile,Finance Bot
AI-02283,Finance Bot #2283,Task automation,Mobile,Finance Bot
AI-02284,AI Assistant #2284,Recommendation,Embedded,Automation Script
AI-02285,IoT Device #2285,Virtual simulation,CLI,Creative Generator
AI-02286,AI Assistant #2286,Creative design,Web,Marketing Engine
AI-02287,Creative Generator #2287,Customer support,Desktop,AI Assistant
AI-02288,Health Tech #2288,Customer support,Desktop,AI Assistant
AI-02289,Education Module #2289,Customer support,Embedded,Education Module
AI-02290,IoT Device #2290,Real-time monitoring,Mobile,IoT Device
AI-02291,Automation Script #2291,Data analysis,API,Marketing Engine
AI-02292,AI Assistant #2292,Smart scheduling,CLI,Cybersecurity Tool
AI-02293,Finance Bot #2293,Content generation,Desktop,IoT Device
AI-02294,Automation Script #2294,Customer support,Desktop,Marketing Engine
AI-02295,IoT Device #2295,Real-time monitoring,Mobile,Health Tech
AI-02296,Marketing Engine #2296,Task automation,Mobile,IoT Device
AI-02297,Automation Script #2297,Customer support,Embedded,Digital Tool
AI-02298,Marketing Engine #2298,Smart scheduling,CLI,AI Assistant
AI-02299,Digital Tool #2299,Customer support,Mobile,Marketing Engine
AI-02300,Finance Bot #2300,Smart scheduling,CLI,Creative Generator
AI-02301,Creative Generator #2301,Real-time monitoring,Embedded,Finance Bot
AI-02302,Creative Generator #2302,Translation,Desktop,Digital Tool
AI-02303,Education Module #2303,Customer support,Embedded,Finance Bot
AI-02304,Creative Generator #2304,Virtual simulation,Web,IoT Device
AI-02305,Cybersecurity Tool #2305,Recommendation,Desktop,AI Assistant
AI-02306,Digital Tool #2306,Smart scheduling,Mobile,IoT Device
AI-02307,Creative Generator #2307,Translation,Embedded,Automation Script
AI-02308,Marketing Engine #2308,Task automation,Mobile,Automation Script
AI-02309,Health Tech #2309,Real-time monitoring,API,Creative Generator
AI-02310,Digital Tool #2310,Virtual simulation,Mobile,Marketing Engine
AI-02311,Cybersecurity Tool #2311,Real-time monitoring,API,Digital Tool
AI-02312,Finance Bot #2312,Creative design,Mobile,Education Module
AI-02313,Education Module #2313,Creative design,Mobile,Digital Tool
AI-02314,Digital Tool #2314,Smart scheduling,Web,Automation Script
AI-02315,Marketing Engine #2315,Data analysis,Mobile,AI Assistant
AI-02316,Digital Tool #2316,Task automation,Desktop,Automation Script
AI-02317,Finance Bot #2317,Recommendation,API,Finance Bot
AI-02318,Education Module #2318,Recommendation,Desktop,Education Module
AI-02319,Creative Generator #2319,Recommendation,Mobile,Marketing Engine
AI-02320,AI Assistant #2320,Smart scheduling,CLI,Digital Tool
AI-02321,IoT Device #2321,Content generation,CLI,Education Module
AI-02322,Marketing Engine #2322,Virtual simulation,API,Cybersecurity Tool
AI-02323,Education Module #2323,Task automation,CLI,IoT Device
AI-02324,Health Tech #2324,Task automation,Desktop,Digital Tool
AI-02325,AI Assistant #2325,Data analysis,API,Digital Tool
AI-02326,Education Module #2326,Translation,Web,Education Module
AI-02327,Marketing Engine #2327,Creative design,API,Education Module
AI-02328,Marketing Engine #2328,Virtual simulation,Desktop,Digital Tool
AI-02329,IoT Device #2329,Recommendation,Mobile,IoT Device
AI-02330,Digital Tool #2330,Customer support,Web,Marketing Engine
AI-02331,Creative Generator #2331,Smart scheduling,CLI,AI Assistant
AI-02332,Finance Bot #2332,Customer support,Desktop,Education Module
AI-02333,AI Assistant #2333,Virtual simulation,Mobile,Digital Tool
AI-02334,Creative Generator #2334,Translation,Embedded,Automation Script
AI-02335,Education Module #2335,Data analysis,Embedded,Marketing Engine
AI-02336,Education Module #2336,Data analysis,CLI,Automation Script
AI-02337,Cybersecurity Tool #2337,Recommendation,CLI,Creative Generator
AI-02338,Automation Script #2338,Virtual simulation,Mobile,Finance Bot
AI-02339,Digital Tool #2339,Task automation,Desktop,Marketing Engine
AI-02340,Cybersecurity Tool #2340,Creative design,Embedded,Education Module
AI-02341,IoT Device #2341,Recommendation,API,Cybersecurity Tool
AI-02342,AI Assistant #2342,Content generation,Desktop,Finance Bot
AI-02343,Creative Generator #2343,Creative design,Web,Creative Generator
AI-02344,Digital Tool #2344,Data analysis,API,AI Assistant
AI-02345,Digital Tool #2345,Creative design,Desktop,Cybersecurity Tool
AI-02346,Creative Generator #2346,Task automation,API,AI Assistant
AI-02347,AI Assistant #2347,Customer support,Mobile,Finance Bot
AI-02348,Automation Script #2348,Content generation,API,AI Assistant
AI-02349,Automation Script #2349,Real-time monitoring,Embedded,Marketing Engine
AI-02350,Health Tech #2350,Recommendation,Embedded,Finance Bot
AI-02351,Health Tech #2351,Content generation,Web,AI Assistant
AI-02352,Finance Bot #2352,Data analysis,Web,Cybersecurity Tool
AI-02353,AI Assistant #2353,Customer support,Web,Automation Script
AI-02354,Cybersecurity Tool #2354,Data analysis,API,Cybersecurity Tool
AI-02355,Finance Bot #2355,Data analysis,CLI,Education Module
AI-02356,AI Assistant #2356,Smart scheduling,Embedded,Health Tech
AI-02357,Health Tech #2357,Virtual simulation,CLI,Cybersecurity Tool
AI-02358,Digital Tool #2358,Creative design,Web,Creative Generator
AI-02359,Finance Bot #2359,Recommendation,CLI,AI Assistant
AI-02360,Finance Bot #2360,Recommendation,Web,IoT Device
AI-02361,IoT Device #2361,Translation,Mobile,Education Module
AI-02362,Marketing Engine #2362,Creative design,API,Automation Script
AI-02363,Health Tech #2363,Content generation,CLI,Creative Generator
AI-02364,Marketing Engine #2364,Content generation,Desktop,Automation Script
AI-02365,Marketing Engine #2365,Customer support,Web,Education Module
AI-02366,Finance Bot #2366,Data analysis,Desktop,IoT Device
AI-02367,Digital Tool #2367,Recommendation,CLI,Creative Generator
AI-02368,Creative Generator #2368,Task automation,Embedded,Creative Generator
AI-02369,AI Assistant #2369,Data analysis,CLI,Marketing Engine
AI-02370,Digital Tool #2370,Data analysis,CLI,Health Tech
AI-02371,Marketing Engine #2371,Creative design,Mobile,AI Assistant
AI-02372,Education Module #2372,Real-time monitoring,Embedded,Cybersecurity Tool
AI-02373,Finance Bot #2373,Real-time monitoring,Embedded,Cybersecurity Tool
AI-02374,Creative Generator #2374,Content generation,API,Creative Generator
AI-02375,Cybersecurity Tool #2375,Recommendation,Desktop,Cybersecurity Tool
AI-02376,Creative Generator #2376,Task automation,Mobile,Automation Script
AI-02377,Digital Tool #2377,Recommendation,Desktop,Creative Generator
AI-02378,Finance Bot #2378,Translation,CLI,Marketing Engine
AI-02379,Creative Generator #2379,Data analysis,CLI,Cybersecurity Tool
AI-02380,Creative Generator #2380,Real-time monitoring,Embedded,AI Assistant
AI-02381,AI Assistant #2381,Task automation,Embedded,Health Tech
AI-02382,Cybersecurity Tool #2382,Recommendation,Mobile,AI Assistant
AI-02383,AI Assistant #2383,Smart scheduling,API,Cybersecurity Tool
AI-02384,Finance Bot #2384,Real-time monitoring,API,Cybersecurity Tool
AI-02385,IoT Device #2385,Customer support,Web,Finance Bot
AI-02386,Finance Bot #2386,Virtual simulation,Mobile,Education Module
AI-02387,Health Tech #2387,Customer support,Desktop,Cybersecurity Tool
AI-02388,Cybersecurity Tool #2388,Virtual simulation,API,IoT Device
AI-02389,IoT Device #2389,Translation,CLI,Digital Tool
AI-02390,Health Tech #2390,Recommendation,CLI,Creative Generator
AI-02391,AI Assistant #2391,Task automation,API,Creative Generator
AI-02392,IoT Device #2392,Task automation,API,Education Module
AI-02393,Health Tech #2393,Creative design,API,Education Module
AI-02394,Marketing Engine #2394,Virtual simulation,API,Creative Generator
AI-02395,Digital Tool #2395,Virtual simulation,API,Marketing Engine
AI-02396,Creative Generator #2396,Customer support,API,Finance Bot
AI-02397,Creative Generator #2397,Data analysis,API,Finance Bot
AI-02398,Digital Tool #2398,Customer support,CLI,Automation Script
AI-02399,IoT Device #2399,Real-time monitoring,Web,Finance Bot
AI-02400,Creative Generator #2400,Data analysis,Web,Automation Script
AI-02401,IoT Device #2401,Task automation,Web,Education Module
AI-02402,Digital Tool #2402,Creative design,Embedded,Health Tech
AI-02403,Cybersecurity Tool #2403,Content generation,Desktop,Marketing Engine
AI-02404,Education Module #2404,Data analysis,CLI,AI Assistant
AI-02405,Education Module #2405,Task automation,API,Digital Tool
AI-02406,Finance Bot #2406,Content generation,Embedded,Finance Bot
AI-02407,Digital Tool #2407,Real-time monitoring,API,Digital Tool
AI-02408,Digital Tool #2408,Data analysis,CLI,Health Tech
AI-02409,Health Tech #2409,Virtual simulation,CLI,Marketing Engine
AI-02410,Health Tech #2410,Content generation,Desktop,Digital Tool
AI-02411,Automation Script #2411,Content generation,API,Cybersecurity Tool
AI-02412,AI Assistant #2412,Real-time monitoring,Web,Marketing Engine
AI-02413,Digital Tool #2413,Creative design,Desktop,AI Assistant
AI-02414,Finance Bot #2414,Translation,Web,Digital Tool
AI-02415,Education Module #2415,Smart scheduling,API,Automation Script
AI-02416,Marketing Engine #2416,Smart scheduling,CLI,AI Assistant
AI-02417,Marketing Engine #2417,Task automation,Embedded,Education Module
AI-02418,Automation Script #2418,Smart scheduling,Embedded,Marketing Engine
AI-02419,Automation Script #2419,Real-time monitoring,CLI,AI Assistant
AI-02420,AI Assistant #2420,Task automation,API,AI Assistant
AI-02421,Digital Tool #2421,Data analysis,API,Automation Script
AI-02422,Marketing Engine #2422,Content generation,CLI,Cybersecurity Tool
AI-02423,AI Assistant #2423,Content generation,CLI,Marketing Engine
AI-02424,Health Tech #2424,Real-time monitoring,API,IoT Device
AI-02425,Education Module #2425,Recommendation,Web,AI Assistant
AI-02426,Marketing Engine #2426,Translation,Desktop,Automation Script
AI-02427,AI Assistant #2427,Smart scheduling,API,Education Module
AI-02428,Education Module #2428,Virtual simulation,Desktop,Digital Tool
AI-02429,Digital Tool #2429,Content generation,Mobile,Digital Tool
AI-02430,AI Assistant #2430,Content generation,CLI,Cybersecurity Tool
AI-02431,Cybersecurity Tool #2431,Content generation,API,Automation Script
AI-02432,Creative Generator #2432,Translation,Embedded,Marketing Engine
AI-02433,Education Module #2433,Customer support,Embedded,Finance Bot
AI-02434,Creative Generator #2434,Data analysis,Desktop,Education Module
AI-02435,IoT Device #2435,Customer support,Embedded,Marketing Engine
AI-02436,Health Tech #2436,Virtual simulation,CLI,IoT Device
AI-02437,Marketing Engine #2437,Virtual simulation,CLI,AI Assistant
AI-02438,IoT Device #2438,Creative design,Embedded,AI Assistant
AI-02439,Marketing Engine #2439,Creative design,API,Education Module
AI-02440,Finance Bot #2440,Customer support,CLI,Education Module
AI-02441,Education Module #2441,Virtual simulation,API,Education Module
AI-02442,Marketing Engine #2442,Real-time monitoring,API,Automation Script
AI-02443,Automation Script #2443,Creative design,Embedded,AI Assistant
AI-02444,AI Assistant #2444,Translation,API,Finance Bot
AI-02445,Health Tech #2445,Content generation,Mobile,Digital Tool
AI-02446,Digital Tool #2446,Customer support,Embedded,Automation Script
AI-02447,AI Assistant #2447,Content generation,Desktop,Health Tech
AI-02448,Automation Script #2448,Recommendation,CLI,Health Tech
AI-02449,Digital Tool #2449,Content generation,CLI,Finance Bot
AI-02450,Automation Script #2450,Data analysis,Web,Marketing Engine
AI-02451,Marketing Engine #2451,Translation,Desktop,Health Tech
AI-02452,Cybersecurity Tool #2452,Data analysis,Mobile,Automation Script
AI-02453,IoT Device #2453,Translation,CLI,Digital Tool
AI-02454,Cybersecurity Tool #2454,Task automation,Mobile,Marketing Engine
AI-02455,Health Tech #2455,Translation,Mobile,Marketing Engine
AI-02456,Automation Script #2456,Translation,CLI,Automation Script
AI-02457,Education Module #2457,Real-time monitoring,Embedded,Health Tech
AI-02458,Finance Bot #2458,Real-time monitoring,CLI,Automation Script
AI-02459,AI Assistant #2459,Task automation,Web,IoT Device
AI-02460,AI Assistant #2460,Translation,CLI,Digital Tool
AI-02461,Marketing Engine #2461,Virtual simulation,Embedded,Automation Script
AI-02462,Finance Bot #2462,Translation,Embedded,AI Assistant
AI-02463,Education Module #2463,Creative design,CLI,Health Tech
AI-02464,Health Tech #2464,Customer support,Embedded,Health Tech
AI-02465,Automation Script #2465,Content generation,Web,Marketing Engine
AI-02466,Creative Generator #2466,Creative design,Desktop,Health Tech
AI-02467,Creative Generator #2467,Content generation,CLI,Creative Generator
AI-02468,Education Module #2468,Task automation,Desktop,Health Tech
AI-02469,Education Module #2469,Translation,Web,Marketing Engine
AI-02470,Health Tech #2470,Real-time monitoring,Desktop,Marketing Engine
AI-02471,Automation Script #2471,Real-time monitoring,Web,Marketing Engine
AI-02472,Automation Script #2472,Smart scheduling,API,Cybersecurity Tool
AI-02473,Cybersecurity Tool #2473,Task automation,API,Health Tech
AI-02474,AI Assistant #2474,Virtual simulation,Desktop,IoT Device
AI-02475,Marketing Engine #2475,Virtual simulation,Mobile,Marketing Engine
AI-02476,IoT Device #2476,Smart scheduling,Mobile,IoT Device
AI-02477,Education Module #2477,Virtual simulation,Web,Creative Generator
AI-02478,IoT Device #2478,Virtual simulation,Mobile,Education Module
AI-02479,Finance Bot #2479,Smart scheduling,Web,Automation Script
AI-02480,Digital Tool #2480,Customer support,Web,Health Tech
AI-02481,Education Module #2481,Real-time monitoring,API,AI Assistant
AI-02482,IoT Device #2482,Translation,Web,Cybersecurity Tool
AI-02483,Finance Bot #2483,Data analysis,Embedded,IoT Device
AI-02484,IoT Device #2484,Customer support,API,IoT Device
AI-02485,Education Module #2485,Translation,Desktop,Marketing Engine
AI-02486,AI Assistant #2486,Real-time monitoring,Embedded,Digital Tool
AI-02487,Creative Generator #2487,Recommendation,Web,Automation Script
AI-02488,AI Assistant #2488,Real-time monitoring,Web,IoT Device
AI-02489,Health Tech #2489,Smart scheduling,Mobile,Digital Tool
AI-02490,IoT Device #2490,Translation,Mobile,Health Tech
AI-02491,Education Module #2491,Recommendation,Mobile,Creative Generator
AI-02492,Creative Generator #2492,Task automation,Web,Cybersecurity Tool
AI-02493,Creative Generator #2493,Content generation,Embedded,Cybersecurity Tool
AI-02494,Digital Tool #2494,Smart scheduling,Mobile,Creative Generator
AI-02495,Automation Script #2495,Content generation,CLI,Marketing Engine
AI-02496,Marketing Engine #2496,Translation,API,AI Assistant
AI-02497,Digital Tool #2497,Recommendation,API,Automation Script
AI-02498,Creative Generator #2498,Recommendation,Mobile,Education Module
AI-02499,Health Tech #2499,Task automation,API,Automation Script
AI-02500,Finance Bot #2500,Customer support,Embedded,Finance Bot
AI-02501,Marketing Engine #2501,Virtual simulation,Desktop,Automation Script
AI-02502,Health Tech #2502,Creative design,Embedded,Health Tech
AI-02503,Digital Tool #2503,Virtual simulation,Desktop,Finance Bot
AI-02504,Health Tech #2504,Creative design,API,Finance Bot
AI-02505,Education Module #2505,Real-time monitoring,API,Automation Script
AI-02506,AI Assistant #2506,Virtual simulation,API,Marketing Engine
AI-02507,IoT Device #2507,Customer support,Mobile,Creative Generator
AI-02508,AI Assistant #2508,Content generation,API,Creative Generator
AI-02509,Marketing Engine #2509,Smart scheduling,Web,IoT Device
AI-02510,Health Tech #2510,Task automation,CLI,Digital Tool
AI-02511,IoT Device #2511,Smart scheduling,API,Finance Bot
AI-02512,IoT Device #2512,Task automation,Web,Cybersecurity Tool
AI-02513,Creative Generator #2513,Content generation,CLI,Marketing Engine
AI-02514,Finance Bot #2514,Recommendation,Desktop,AI Assistant
AI-02515,Creative Generator #2515,Smart scheduling,Desktop,Cybersecurity Tool
AI-02516,Digital Tool #2516,Data analysis,Web,AI Assistant
AI-02517,Automation Script #2517,Translation,Desktop,Education Module
AI-02518,Automation Script #2518,Creative design,Embedded,Health Tech
AI-02519,Finance Bot #2519,Creative design,Embedded,Automation Script
AI-02520,Finance Bot #2520,Task automation,Mobile,Automation Script
AI-02521,Finance Bot #2521,Virtual simulation,API,IoT Device
AI-02522,Automation Script #2522,Real-time monitoring,Desktop,Finance Bot
AI-02523,AI Assistant #2523,Creative design,CLI,Digital Tool
AI-02524,Digital Tool #2524,Creative design,Mobile,Finance Bot
AI-02525,Digital Tool #2525,Smart scheduling,Embedded,Marketing Engine
AI-02526,Marketing Engine #2526,Recommendation,CLI,Education Module
AI-02527,Creative Generator #2527,Translation,API,Marketing Engine
AI-02528,Finance Bot #2528,Creative design,Desktop,Education Module
AI-02529,AI Assistant #2529,Recommendation,Web,Finance Bot
AI-02530,Digital Tool #2530,Virtual simulation,Embedded,Education Module
AI-02531,AI Assistant #2531,Smart scheduling,API,Education Module
AI-02532,Cybersecurity Tool #2532,Data analysis,API,Digital Tool
AI-02533,Automation Script #2533,Smart scheduling,Mobile,Finance Bot
AI-02534,Digital Tool #2534,Smart scheduling,Desktop,Education Module
AI-02535,Automation Script #2535,Real-time monitoring,Embedded,Health Tech
AI-02536,Cybersecurity Tool #2536,Creative design,Embedded,AI Assistant
AI-02537,Automation Script #2537,Recommendation,API,Education Module
AI-02538,IoT Device #2538,Customer support,Mobile,AI Assistant
AI-02539,Finance Bot #2539,Virtual simulation,Embedded,Finance Bot
AI-02540,Finance Bot #2540,Data analysis,Web,Cybersecurity Tool
AI-02541,IoT Device #2541,Virtual simulation,CLI,Finance Bot
AI-02542,Finance Bot #2542,Virtual simulation,Desktop,Finance Bot
AI-02543,Automation Script #2543,Task automation,Desktop,Health Tech
AI-02544,Marketing Engine #2544,Customer support,Desktop,Finance Bot
AI-02545,Health Tech #2545,Real-time monitoring,Mobile,Automation Script
AI-02546,IoT Device #2546,Real-time monitoring,API,Health Tech
AI-02547,IoT Device #2547,Real-time monitoring,API,Finance Bot
AI-02548,Finance Bot #2548,Smart scheduling,API,IoT Device
AI-02549,Health Tech #2549,Creative design,Mobile,Digital Tool
AI-02550,IoT Device #2550,Recommendation,Mobile,Health Tech
AI-02551,Digital Tool #2551,Real-time monitoring,Mobile,Marketing Engine
AI-02552,Automation Script #2552,Smart scheduling,Web,AI Assistant
AI-02553,Digital Tool #2553,Creative design,Desktop,Finance Bot
AI-02554,IoT Device #2554,Customer support,Embedded,Creative Generator
AI-02555,Health Tech #2555,Data analysis,Mobile,Health Tech
AI-02556,AI Assistant #2556,Task automation,Web,IoT Device
AI-02557,Automation Script #2557,Content generation,Embedded,Finance Bot
AI-02558,Health Tech #2558,Creative design,Web,Cybersecurity Tool
AI-02559,IoT Device #2559,Customer support,Mobile,Education Module
AI-02560,Health Tech #2560,Content generation,Embedded,Marketing Engine
AI-02561,Finance Bot #2561,Task automation,Mobile,Creative Generator
AI-02562,Automation Script #2562,Data analysis,CLI,IoT Device
AI-02563,Automation Script #2563,Creative design,API,Finance Bot
AI-02564,Automation Script #2564,Customer support,Embedded,Cybersecurity Tool
AI-02565,Marketing Engine #2565,Recommendation,Web,Education Module
AI-02566,Automation Script #2566,Data analysis,CLI,AI Assistant
AI-02567,Creative Generator #2567,Data analysis,CLI,Digital Tool
AI-02568,Digital Tool #2568,Real-time monitoring,CLI,Finance Bot
AI-02569,Digital Tool #2569,Smart scheduling,API,Digital Tool
AI-02570,Automation Script #2570,Content generation,Web,Creative Generator
AI-02571,AI Assistant #2571,Recommendation,Web,Education Module
AI-02572,Finance Bot #2572,Translation,API,Automation Script
AI-02573,Finance Bot #2573,Creative design,Web,AI Assistant
AI-02574,Cybersecurity Tool #2574,Translation,Web,Digital Tool
AI-02575,IoT Device #2575,Virtual simulation,Web,Health Tech
AI-02576,Cybersecurity Tool #2576,Content generation,Desktop,Finance Bot
AI-02577,Health Tech #2577,Smart scheduling,Mobile,Education Module
AI-02578,Education Module #2578,Creative design,Web,Cybersecurity Tool
AI-02579,Cybersecurity Tool #2579,Virtual simulation,CLI,AI Assistant
AI-02580,Education Module #2580,Recommendation,CLI,IoT Device
AI-02581,Automation Script #2581,Recommendation,Desktop,Health Tech
AI-02582,Automation Script #2582,Recommendation,Web,Finance Bot
AI-02583,Automation Script #2583,Virtual simulation,API,IoT Device
AI-02584,Health Tech #2584,Recommendation,Embedded,Finance Bot
AI-02585,Cybersecurity Tool #2585,Customer support,Embedded,Health Tech
AI-02586,Marketing Engine #2586,Content generation,Mobile,Cybersecurity Tool
AI-02587,Creative Generator #2587,Content generation,Embedded,Finance Bot
AI-02588,AI Assistant #2588,Creative design,Mobile,Health Tech
AI-02589,Digital Tool #2589,Task automation,Web,Education Module
AI-02590,Education Module #2590,Real-time monitoring,Embedded,Creative Generator
AI-02591,Cybersecurity Tool #2591,Content generation,Web,Marketing Engine
AI-02592,Digital Tool #2592,Real-time monitoring,API,Automation Script
AI-02593,Finance Bot #2593,Real-time monitoring,Mobile,IoT Device
AI-02594,Health Tech #2594,Data analysis,Mobile,AI Assistant
AI-02595,Marketing Engine #2595,Customer support,Mobile,Finance Bot
AI-02596,Health Tech #2596,Smart scheduling,Desktop,IoT Device
AI-02597,Marketing Engine #2597,Smart scheduling,Embedded,Creative Generator
AI-02598,Finance Bot #2598,Creative design,API,Education Module
AI-02599,Marketing Engine #2599,Real-time monitoring,Desktop,Finance Bot
AI-02600,Education Module #2600,Real-time monitoring,Web,IoT Device
AI-02601,Automation Script #2601,Customer support,Embedded,AI Assistant
AI-02602,Marketing Engine #2602,Virtual simulation,API,Creative Generator
AI-02603,Creative Generator #2603,Data analysis,CLI,Digital Tool
AI-02604,IoT Device #2604,Smart scheduling,Embedded,Marketing Engine
AI-02605,Creative Generator #2605,Real-time monitoring,CLI,Cybersecurity Tool
AI-02606,AI Assistant #2606,Data analysis,API,Creative Generator
AI-02607,Education Module #2607,Creative design,API,Digital Tool
AI-02608,Health Tech #2608,Data analysis,Desktop,Health Tech
AI-02609,IoT Device #2609,Content generation,API,Health Tech
AI-02610,Automation Script #2610,Creative design,Mobile,Health Tech
AI-02611,Digital Tool #2611,Content generation,API,IoT Device
AI-02612,IoT Device #2612,Task automation,API,Education Module
AI-02613,Automation Script #2613,Translation,Web,IoT Device
AI-02614,Health Tech #2614,Task automation,Desktop,Digital Tool
AI-02615,Marketing Engine #2615,Creative design,API,Creative Generator
AI-02616,Cybersecurity Tool #2616,Content generation,Desktop,Marketing Engine
AI-02617,Health Tech #2617,Task automation,Web,Finance Bot
AI-02618,Cybersecurity Tool #2618,Recommendation,API,Creative Generator
AI-02619,Finance Bot #2619,Real-time monitoring,CLI,Digital Tool
AI-02620,AI Assistant #2620,Content generation,Web,Education Module
AI-02621,Creative Generator #2621,Task automation,Web,Health Tech
AI-02622,Cybersecurity Tool #2622,Customer support,API,Finance Bot
AI-02623,Marketing Engine #2623,Translation,Web,IoT Device
AI-02624,Digital Tool #2624,Virtual simulation,Desktop,Finance Bot
AI-02625,Marketing Engine #2625,Smart scheduling,Embedded,Cybersecurity Tool
AI-02626,Automation Script #2626,Customer support,Embedded,AI Assistant
AI-02627,Education Module #2627,Smart scheduling,API,Digital Tool
AI-02628,IoT Device #2628,Task automation,Mobile,Education Module
AI-02629,Marketing Engine #2629,Task automation,API,Marketing Engine
AI-02630,AI Assistant #2630,Customer support,CLI,Marketing Engine
AI-02631,Education Module #2631,Virtual simulation,CLI,Health Tech
AI-02632,Finance Bot #2632,Creative design,CLI,Creative Generator
AI-02633,Cybersecurity Tool #2633,Translation,Desktop,Marketing Engine
AI-02634,IoT Device #2634,Content generation,Embedded,Automation Script
AI-02635,AI Assistant #2635,Recommendation,Desktop,Automation Script
AI-02636,Health Tech #2636,Data analysis,Web,IoT Device
AI-02637,Education Module #2637,Real-time monitoring,Embedded,Education Module
AI-02638,Marketing Engine #2638,Creative design,Web,Marketing Engine
AI-02639,Digital Tool #2639,Smart scheduling,API,Cybersecurity Tool
AI-02640,AI Assistant #2640,Translation,Desktop,Finance Bot
AI-02641,Cybersecurity Tool #2641,Task automation,Web,Health Tech
AI-02642,Cybersecurity Tool #2642,Customer support,API,Health Tech
AI-02643,Digital Tool #2643,Translation,Mobile,AI Assistant
AI-02644,Cybersecurity Tool #2644,Smart scheduling,Desktop,Education Module
AI-02645,Finance Bot #2645,Translation,API,Creative Generator
AI-02646,Creative Generator #2646,Customer support,Web,AI Assistant
AI-02647,Cybersecurity Tool #2647,Real-time monitoring,Web,Digital Tool
AI-02648,Automation Script #2648,Data analysis,CLI,IoT Device
AI-02649,Automation Script #2649,Data analysis,Mobile,Automation Script
AI-02650,Health Tech #2650,Creative design,Desktop,Cybersecurity Tool
AI-02651,Automation Script #2651,Content generation,Desktop,Education Module
AI-02652,Cybersecurity Tool #2652,Customer support,Web,Automation Script
AI-02653,Health Tech #2653,Task automation,CLI,Digital Tool
AI-02654,Finance Bot #2654,Data analysis,Web,AI Assistant
AI-02655,Cybersecurity Tool #2655,Task automation,Embedded,IoT Device
AI-02656,Education Module #2656,Content generation,Mobile,IoT Device
AI-02657,Finance Bot #2657,Content generation,Mobile,Creative Generator
AI-02658,Cybersecurity Tool #2658,Creative design,CLI,Finance Bot
AI-02659,Marketing Engine #2659,Customer support,Desktop,Education Module
AI-02660,Health Tech #2660,Real-time monitoring,Embedded,Finance Bot
AI-02661,Creative Generator #2661,Recommendation,Desktop,Health Tech
AI-02662,Digital Tool #2662,Creative design,Embedded,Marketing Engine
AI-02663,Cybersecurity Tool #2663,Customer support,Web,Marketing Engine
AI-02664,Creative Generator #2664,Translation,Desktop,AI Assistant
AI-02665,Automation Script #2665,Virtual simulation,CLI,Health Tech
AI-02666,AI Assistant #2666,Customer support,Web,Automation Script
AI-02667,Marketing Engine #2667,Task automation,Desktop,Cybersecurity Tool
AI-02668,Health Tech #2668,Real-time monitoring,Mobile,Digital Tool
AI-02669,AI Assistant #2669,Data analysis,Web,Education Module
AI-02670,AI Assistant #2670,Smart scheduling,Desktop,Marketing Engine
AI-02671,Digital Tool #2671,Real-time monitoring,API,Health Tech
AI-02672,Cybersecurity Tool #2672,Customer support,Embedded,Marketing Engine
AI-02673,Education Module #2673,Translation,API,Digital Tool
AI-02674,Creative Generator #2674,Real-time monitoring,API,Finance Bot
AI-02675,Health Tech #2675,Data analysis,CLI,IoT Device
AI-02676,Cybersecurity Tool #2676,Creative design,Embedded,Marketing Engine
AI-02677,Finance Bot #2677,Customer support,API,Automation Script
AI-02678,Marketing Engine #2678,Creative design,Web,AI Assistant
AI-02679,Cybersecurity Tool #2679,Task automation,Web,Health Tech
AI-02680,Automation Script #2680,Customer support,Mobile,Digital Tool
AI-02681,Health Tech #2681,Data analysis,Mobile,Digital Tool
AI-02682,Education Module #2682,Smart scheduling,Web,Health Tech
AI-02683,Digital Tool #2683,Data analysis,Web,Digital Tool
AI-02684,AI Assistant #2684,Task automation,Desktop,Education Module
AI-02685,Automation Script #2685,Customer support,Web,Creative Generator
AI-02686,IoT Device #2686,Task automation,Web,Finance Bot
AI-02687,Education Module #2687,Translation,Mobile,Cybersecurity Tool
AI-02688,IoT Device #2688,Content generation,CLI,Finance Bot
AI-02689,Marketing Engine #2689,Content generation,Mobile,Cybersecurity Tool
AI-02690,Marketing Engine #2690,Customer support,CLI,Creative Generator
AI-02691,Cybersecurity Tool #2691,Real-time monitoring,Web,Education Module
AI-02692,Finance Bot #2692,Real-time monitoring,Desktop,Health Tech
AI-02693,AI Assistant #2693,Content generation,Embedded,Digital Tool
AI-02694,Creative Generator #2694,Translation,Mobile,Marketing Engine
AI-02695,IoT Device #2695,Virtual simulation,Mobile,Education Module
AI-02696,Education Module #2696,Recommendation,Mobile,Education Module
AI-02697,Finance Bot #2697,Recommendation,Embedded,Finance Bot
AI-02698,Creative Generator #2698,Task automation,API,Digital Tool
AI-02699,Cybersecurity Tool #2699,Content generation,Mobile,AI Assistant
AI-02700,Finance Bot #2700,Virtual simulation,Mobile,Creative Generator
AI-02701,Finance Bot #2701,Virtual simulation,Desktop,Education Module
AI-02702,IoT Device #2702,Recommendation,Mobile,Education Module
AI-02703,Creative Generator #2703,Recommendation,Embedded,Health Tech
AI-02704,Marketing Engine #2704,Creative design,API,Digital Tool
AI-02705,Creative Generator #2705,Content generation,Mobile,IoT Device
AI-02706,Creative Generator #2706,Customer support,API,AI Assistant
AI-02707,Automation Script #2707,Data analysis,Desktop,Finance Bot
AI-02708,IoT Device #2708,Customer support,CLI,Health Tech
AI-02709,AI Assistant #2709,Smart scheduling,CLI,Finance Bot
AI-02710,Health Tech #2710,Smart scheduling,API,Education Module
AI-02711,Education Module #2711,Smart scheduling,API,Digital Tool
AI-02712,IoT Device #2712,Customer support,Mobile,Finance Bot
AI-02713,Marketing Engine #2713,Task automation,CLI,Digital Tool
AI-02714,Health Tech #2714,Recommendation,Desktop,IoT Device
AI-02715,Cybersecurity Tool #2715,Data analysis,API,Creative Generator
AI-02716,Digital Tool #2716,Creative design,API,Marketing Engine
AI-02717,Education Module #2717,Virtual simulation,Desktop,AI Assistant
AI-02718,IoT Device #2718,Smart scheduling,Embedded,Cybersecurity Tool
AI-02719,AI Assistant #2719,Smart scheduling,Desktop,AI Assistant
AI-02720,Digital Tool #2720,Creative design,Web,Creative Generator
AI-02721,Marketing Engine #2721,Data analysis,Desktop,Automation Script
AI-02722,AI Assistant #2722,Customer support,Mobile,Creative Generator
AI-02723,Digital Tool #2723,Task automation,Mobile,Digital Tool
AI-02724,Cybersecurity Tool #2724,Task automation,Desktop,AI Assistant
AI-02725,Automation Script #2725,Customer support,Embedded,Digital Tool
AI-02726,Health Tech #2726,Real-time monitoring,Mobile,IoT Device
AI-02727,Health Tech #2727,Content generation,Mobile,Digital Tool
AI-02728,Automation Script #2728,Content generation,API,Marketing Engine
AI-02729,Digital Tool #2729,Real-time monitoring,API,AI Assistant
AI-02730,Automation Script #2730,Task automation,API,Digital Tool
AI-02731,Education Module #2731,Recommendation,CLI,Marketing Engine
AI-02732,Creative Generator #2732,Creative design,Web,Automation Script
AI-02733,Health Tech #2733,Real-time monitoring,Desktop,Cybersecurity Tool
AI-02734,Marketing Engine #2734,Creative design,Desktop,Marketing Engine
AI-02735,Health Tech #2735,Recommendation,Mobile,Automation Script
AI-02736,Finance Bot #2736,Smart scheduling,API,Digital Tool
AI-02737,Health Tech #2737,Real-time monitoring,Web,Cybersecurity Tool
AI-02738,IoT Device #2738,Data analysis,Web,Digital Tool
AI-02739,IoT Device #2739,Virtual simulation,Embedded,Health Tech
AI-02740,Cybersecurity Tool #2740,Virtual simulation,CLI,Creative Generator
AI-02741,Creative Generator #2741,Task automation,API,Creative Generator
AI-02742,Marketing Engine #2742,Content generation,Web,Creative Generator
AI-02743,AI Assistant #2743,Recommendation,Mobile,Marketing Engine
AI-02744,IoT Device #2744,Task automation,Mobile,IoT Device
AI-02745,Creative Generator #2745,Creative design,API,AI Assistant
AI-02746,Education Module #2746,Virtual simulation,CLI,Finance Bot
AI-02747,AI Assistant #2747,Real-time monitoring,API,AI Assistant
AI-02748,Digital Tool #2748,Task automation,Mobile,Education Module
AI-02749,Cybersecurity Tool #2749,Translation,Mobile,Cybersecurity Tool
AI-02750,Health Tech #2750,Data analysis,Desktop,Finance Bot
AI-02751,Marketing Engine #2751,Virtual simulation,Desktop,Creative Generator
AI-02752,IoT Device #2752,Recommendation,Mobile,AI Assistant
AI-02753,Digital Tool #2753,Real-time monitoring,CLI,Finance Bot
AI-02754,IoT Device #2754,Creative design,Desktop,Marketing Engine
AI-02755,Education Module #2755,Smart scheduling,API,Digital Tool
AI-02756,Digital Tool #2756,Recommendation,Desktop,Health Tech
AI-02757,Education Module #2757,Content generation,Web,Cybersecurity Tool
AI-02758,AI Assistant #2758,Creative design,API,Marketing Engine
AI-02759,Cybersecurity Tool #2759,Virtual simulation,Mobile,Health Tech
AI-02760,Marketing Engine #2760,Smart scheduling,API,Marketing Engine
AI-02761,Creative Generator #2761,Task automation,API,Creative Generator
AI-02762,Health Tech #2762,Virtual simulation,API,Creative Generator
AI-02763,IoT Device #2763,Data analysis,Embedded,Cybersecurity Tool
AI-02764,Digital Tool #2764,Real-time monitoring,CLI,AI Assistant
AI-02765,Marketing Engine #2765,Creative design,Desktop,Finance Bot
AI-02766,Education Module #2766,Translation,API,Creative Generator
AI-02767,Automation Script #2767,Recommendation,Mobile,IoT Device
AI-02768,Cybersecurity Tool #2768,Recommendation,Web,Marketing Engine
AI-02769,Cybersecurity Tool #2769,Content generation,CLI,Health Tech
AI-02770,Creative Generator #2770,Virtual simulation,CLI,Creative Generator
AI-02771,Health Tech #2771,Smart scheduling,Mobile,Finance Bot
AI-02772,Digital Tool #2772,Translation,API,Health Tech
AI-02773,Cybersecurity Tool #2773,Creative design,Web,AI Assistant
AI-02774,Creative Generator #2774,Content generation,API,AI Assistant
AI-02775,AI Assistant #2775,Recommendation,API,IoT Device
AI-02776,AI Assistant #2776,Content generation,Mobile,IoT Device
AI-02777,Digital Tool #2777,Content generation,Embedded,Education Module
AI-02778,Creative Generator #2778,Recommendation,CLI,Education Module
AI-02779,Creative Generator #2779,Customer support,Mobile,AI Assistant
AI-02780,AI Assistant #2780,Virtual simulation,API,Education Module
AI-02781,AI Assistant #2781,Content generation,Embedded,Health Tech
AI-02782,Education Module #2782,Customer support,CLI,Automation Script
AI-02783,Marketing Engine #2783,Smart scheduling,Embedded,Creative Generator
AI-02784,Automation Script #2784,Data analysis,Mobile,Cybersecurity Tool
AI-02785,Marketing Engine #2785,Creative design,Web,Cybersecurity Tool
AI-02786,Automation Script #2786,Data analysis,Desktop,Digital Tool
AI-02787,AI Assistant #2787,Virtual simulation,Mobile,Marketing Engine
AI-02788,Digital Tool #2788,Smart scheduling,Embedded,Automation Script
AI-02789,Digital Tool #2789,Task automation,Desktop,Education Module
AI-02790,Health Tech #2790,Content generation,Embedded,Marketing Engine
AI-02791,Marketing Engine #2791,Customer support,CLI,Cybersecurity Tool
AI-02792,Creative Generator #2792,Data analysis,API,Digital Tool
AI-02793,Creative Generator #2793,Content generation,API,Digital Tool
AI-02794,Education Module #2794,Virtual simulation,Embedded,Education Module
AI-02795,AI Assistant #2795,Smart scheduling,Desktop,Education Module
AI-02796,AI Assistant #2796,Virtual simulation,CLI,Finance Bot
AI-02797,Creative Generator #2797,Real-time monitoring,Embedded,AI Assistant
AI-02798,Marketing Engine #2798,Recommendation,CLI,AI Assistant
AI-02799,IoT Device #2799,Creative design,Embedded,Digital Tool
AI-02800,Education Module #2800,Smart scheduling,Mobile,IoT Device
AI-02801,Marketing Engine #2801,Data analysis,Mobile,Digital Tool
AI-02802,Cybersecurity Tool #2802,Recommendation,Web,AI Assistant
AI-02803,Finance Bot #2803,Virtual simulation,Mobile,AI Assistant
AI-02804,Health Tech #2804,Creative design,CLI,Education Module
AI-02805,Cybersecurity Tool #2805,Creative design,Embedded,Automation Script
AI-02806,Education Module #2806,Translation,API,Marketing Engine
AI-02807,IoT Device #2807,Creative design,Mobile,Health Tech
AI-02808,AI Assistant #2808,Content generation,Embedded,AI Assistant
AI-02809,Finance Bot #2809,Task automation,Embedded,Digital Tool
AI-02810,IoT Device #2810,Content generation,Embedded,Marketing Engine
AI-02811,Creative Generator #2811,Translation,Embedded,IoT Device
AI-02812,Education Module #2812,Customer support,Mobile,AI Assistant
AI-02813,Marketing Engine #2813,Smart scheduling,Embedded,Finance Bot
AI-02814,IoT Device #2814,Task automation,API,Digital Tool
AI-02815,Creative Generator #2815,Customer support,API,Cybersecurity Tool
AI-02816,Finance Bot #2816,Smart scheduling,Embedded,AI Assistant
AI-02817,AI Assistant #2817,Task automation,Embedded,Creative Generator
AI-02818,Automation Script #2818,Recommendation,API,Cybersecurity Tool
AI-02819,Education Module #2819,Recommendation,Desktop,Creative Generator
AI-02820,Education Module #2820,Real-time monitoring,Embedded,Education Module
AI-02821,Digital Tool #2821,Real-time monitoring,Mobile,Finance Bot
AI-02822,Marketing Engine #2822,Translation,Embedded,Creative Generator
AI-02823,Digital Tool #2823,Translation,CLI,IoT Device
AI-02824,AI Assistant #2824,Smart scheduling,Web,Digital Tool
AI-02825,Health Tech #2825,Content generation,CLI,Automation Script
AI-02826,Finance Bot #2826,Smart scheduling,Embedded,Creative Generator
AI-02827,Education Module #2827,Virtual simulation,Mobile,Cybersecurity Tool
AI-02828,Education Module #2828,Virtual simulation,Embedded,Creative Generator
AI-02829,AI Assistant #2829,Translation,CLI,Creative Generator
AI-02830,Marketing Engine #2830,Creative design,Desktop,Automation Script
AI-02831,Cybersecurity Tool #2831,Smart scheduling,Web,Finance Bot
AI-02832,Health Tech #2832,Task automation,API,Automation Script
AI-02833,Creative Generator #2833,Real-time monitoring,Mobile,Digital Tool
AI-02834,Marketing Engine #2834,Creative design,API,Marketing Engine
AI-02835,IoT Device #2835,Content generation,API,Automation Script
AI-02836,Education Module #2836,Data analysis,Embedded,Education Module
AI-02837,Finance Bot #2837,Real-time monitoring,Mobile,Marketing Engine
AI-02838,IoT Device #2838,Data analysis,Desktop,Marketing Engine
AI-02839,Cybersecurity Tool #2839,Translation,Desktop,Creative Generator
AI-02840,AI Assistant #2840,Virtual simulation,CLI,Digital Tool
AI-02841,AI Assistant #2841,Data analysis,API,AI Assistant
AI-02842,IoT Device #2842,Smart scheduling,API,Digital Tool
AI-02843,Finance Bot #2843,Translation,API,Finance Bot
AI-02844,Health Tech #2844,Data analysis,Web,AI Assistant
AI-02845,Education Module #2845,Task automation,Mobile,Health Tech
AI-02846,Marketing Engine #2846,Translation,Desktop,AI Assistant
AI-02847,Cybersecurity Tool #2847,Virtual simulation,Web,Digital Tool
AI-02848,Health Tech #2848,Task automation,Desktop,Cybersecurity Tool
AI-02849,Education Module #2849,Customer support,CLI,Marketing Engine
AI-02850,Finance Bot #2850,Content generation,Desktop,Creative Generator
AI-02851,Automation Script #2851,Recommendation,Mobile,Digital Tool
AI-02852,Creative Generator #2852,Recommendation,Mobile,Automation Script
AI-02853,IoT Device #2853,Smart scheduling,CLI,Automation Script
AI-02854,Creative Generator #2854,Recommendation,Desktop,Marketing Engine
AI-02855,Finance Bot #2855,Content generation,Embedded,Education Module
AI-02856,Marketing Engine #2856,Smart scheduling,Embedded,IoT Device
AI-02857,Marketing Engine #2857,Creative design,Embedded,IoT Device
AI-02858,Health Tech #2858,Creative design,Desktop,Cybersecurity Tool
AI-02859,Cybersecurity Tool #2859,Data analysis,Desktop,Digital Tool
AI-02860,Health Tech #2860,Customer support,Desktop,Creative Generator
AI-02861,IoT Device #2861,Smart scheduling,CLI,Health Tech
AI-02862,Creative Generator #2862,Data analysis,Mobile,AI Assistant
AI-02863,AI Assistant #2863,Customer support,Mobile,IoT Device
AI-02864,Education Module #2864,Customer support,Embedded,Digital Tool
AI-02865,IoT Device #2865,Translation,Desktop,Cybersecurity Tool
AI-02866,Marketing Engine #2866,Task automation,API,Cybersecurity Tool
AI-02867,Cybersecurity Tool #2867,Recommendation,Desktop,Education Module
AI-02868,Automation Script #2868,Recommendation,Web,Digital Tool
AI-02869,Digital Tool #2869,Translation,API,Health Tech
AI-02870,Digital Tool #2870,Data analysis,Web,Creative Generator
AI-02871,Finance Bot #2871,Translation,Mobile,Finance Bot
AI-02872,Digital Tool #2872,Task automation,Mobile,Digital Tool
AI-02873,Education Module #2873,Smart scheduling,CLI,Digital Tool
AI-02874,Health Tech #2874,Data analysis,CLI,Cybersecurity Tool
AI-02875,Health Tech #2875,Creative design,Embedded,Finance Bot
AI-02876,Education Module #2876,Customer support,Desktop,Education Module
AI-02877,Creative Generator #2877,Translation,CLI,Health Tech
AI-02878,Finance Bot #2878,Translation,Embedded,IoT Device
AI-02879,Digital Tool #2879,Data analysis,Web,Digital Tool
AI-02880,Finance Bot #2880,Translation,Web,Health Tech
AI-02881,Automation Script #2881,Task automation,Mobile,Health Tech
AI-02882,Education Module #2882,Content generation,Desktop,Education Module
AI-02883,IoT Device #2883,Content generation,Desktop,Automation Script
AI-02884,Marketing Engine #2884,Real-time monitoring,CLI,IoT Device
AI-02885,Health Tech #2885,Real-time monitoring,CLI,Health Tech
AI-02886,Cybersecurity Tool #2886,Task automation,Web,Automation Script
AI-02887,Education Module #2887,Recommendation,API,IoT Device
AI-02888,Finance Bot #2888,Real-time monitoring,Mobile,AI Assistant
AI-02889,Creative Generator #2889,Task automation,Embedded,Marketing Engine
AI-02890,Automation Script #2890,Translation,Mobile,Digital Tool
AI-02891,Digital Tool #2891,Content generation,Desktop,Marketing Engine
AI-02892,Digital Tool #2892,Content generation,CLI,AI Assistant
AI-02893,Creative Generator #2893,Task automation,Mobile,AI Assistant
AI-02894,Cybersecurity Tool #2894,Customer support,Desktop,Cybersecurity Tool
AI-02895,AI Assistant #2895,Customer support,Web,Health Tech
AI-02896,Creative Generator #2896,Virtual simulation,Desktop,Finance Bot
AI-02897,Education Module #2897,Creative design,API,Creative Generator
AI-02898,Cybersecurity Tool #2898,Task automation,Web,Cybersecurity Tool
AI-02899,Education Module #2899,Recommendation,CLI,IoT Device
AI-02900,Automation Script #2900,Customer support,CLI,Digital Tool
AI-02901,AI Assistant #2901,Real-time monitoring,Mobile,Finance Bot
AI-02902,Digital Tool #2902,Virtual simulation,Desktop,Education Module
AI-02903,Automation Script #2903,Recommendation,Web,Automation Script
AI-02904,IoT Device #2904,Translation,Embedded,Digital Tool
AI-02905,Finance Bot #2905,Real-time monitoring,CLI,Cybersecurity Tool
AI-02906,Automation Script #2906,Creative design,Desktop,Finance Bot
AI-02907,Automation Script #2907,Recommendation,Desktop,Creative Generator
AI-02908,Automation Script #2908,Real-time monitoring,CLI,IoT Device
AI-02909,Health Tech #2909,Task automation,API,IoT Device
AI-02910,Health Tech #2910,Smart scheduling,Desktop,Finance Bot
AI-02911,Education Module #2911,Task automation,CLI,Digital Tool
AI-02912,Marketing Engine #2912,Translation,CLI,Cybersecurity Tool
AI-02913,Cybersecurity Tool #2913,Task automation,API,Finance Bot
AI-02914,Education Module #2914,Virtual simulation,API,IoT Device
AI-02915,Cybersecurity Tool #2915,Translation,Desktop,Digital Tool
AI-02916,Cybersecurity Tool #2916,Content generation,Desktop,Marketing Engine
AI-02917,Cybersecurity Tool #2917,Translation,Mobile,Digital Tool
AI-02918,Automation Script #2918,Data analysis,Embedded,Finance Bot
AI-02919,Digital Tool #2919,Virtual simulation,CLI,Finance Bot
AI-02920,Cybersecurity Tool #2920,Smart scheduling,API,Education Module
AI-02921,Digital Tool #2921,Content generation,Desktop,Education Module
AI-02922,Finance Bot #2922,Virtual simulation,Embedded,Cybersecurity Tool
AI-02923,AI Assistant #2923,Customer support,Embedded,Automation Script
AI-02924,IoT Device #2924,Content generation,Web,IoT Device
AI-02925,Marketing Engine #2925,Data analysis,Desktop,Automation Script
AI-02926,Digital Tool #2926,Creative design,Desktop,Marketing Engine
AI-02927,Education Module #2927,Smart scheduling,API,Marketing Engine
AI-02928,Cybersecurity Tool #2928,Data analysis,API,AI Assistant
AI-02929,Health Tech #2929,Real-time monitoring,Web,Creative Generator
AI-02930,Digital Tool #2930,Data analysis,Desktop,Creative Generator
AI-02931,IoT Device #2931,Recommendation,API,AI Assistant
AI-02932,Finance Bot #2932,Creative design,Mobile,Cybersecurity Tool
AI-02933,Marketing Engine #2933,Content generation,Desktop,Cybersecurity Tool
AI-02934,AI Assistant #2934,Customer support,CLI,Finance Bot
AI-02935,Creative Generator #2935,Content generation,Desktop,Health Tech
AI-02936,AI Assistant #2936,Content generation,Desktop,AI Assistant
AI-02937,Education Module #2937,Data analysis,Desktop,Creative Generator
AI-02938,Automation Script #2938,Data analysis,API,AI Assistant
AI-02939,AI Assistant #2939,Virtual simulation,CLI,Creative Generator
AI-02940,Marketing Engine #2940,Translation,CLI,IoT Device
AI-02941,AI Assistant #2941,Virtual simulation,Desktop,Marketing Engine
AI-02942,IoT Device #2942,Real-time monitoring,API,IoT Device
AI-02943,Education Module #2943,Smart scheduling,API,Health Tech
AI-02944,Education Module #2944,Customer support,Mobile,Finance Bot
AI-02945,Finance Bot #2945,Virtual simulation,Desktop,Creative Generator
AI-02946,Automation Script #2946,Recommendation,Desktop,Education Module
AI-02947,IoT Device #2947,Content generation,Embedded,Marketing Engine
AI-02948,Marketing Engine #2948,Task automation,CLI,Digital Tool
AI-02949,Education Module #2949,Real-time monitoring,Embedded,Cybersecurity Tool
AI-02950,Finance Bot #2950,Task automation,Mobile,Health Tech
AI-02951,Cybersecurity Tool #2951,Customer support,Mobile,IoT Device
AI-02952,Education Module #2952,Creative design,Desktop,Finance Bot
AI-02953,Automation Script #2953,Real-time monitoring,CLI,IoT Device
AI-02954,Finance Bot #2954,Creative design,Embedded,Education Module
AI-02955,AI Assistant #2955,Real-time monitoring,CLI,Marketing Engine
AI-02956,Automation Script #2956,Virtual simulation,Embedded,Finance Bot
AI-02957,Education Module #2957,Task automation,API,IoT Device
AI-02958,Education Module #2958,Creative design,API,Marketing Engine
AI-02959,Cybersecurity Tool #2959,Virtual simulation,Web,AI Assistant
AI-02960,Education Module #2960,Recommendation,Mobile,Finance Bot
AI-02961,Digital Tool #2961,Smart scheduling,Mobile,Education Module
AI-02962,Health Tech #2962,Creative design,API,Cybersecurity Tool
AI-02963,Automation Script #2963,Task automation,Web,AI Assistant
AI-02964,Cybersecurity Tool #2964,Translation,API,Cybersecurity Tool
AI-02965,IoT Device #2965,Virtual simulation,API,IoT Device
AI-02966,Automation Script #2966,Task automation,Web,Marketing Engine
AI-02967,Health Tech #2967,Virtual simulation,CLI,Education Module
AI-02968,IoT Device #2968,Real-time monitoring,Mobile,IoT Device
AI-02969,Cybersecurity Tool #2969,Virtual simulation,CLI,Health Tech
AI-02970,Automation Script #2970,Data analysis,Embedded,AI Assistant
AI-02971,Education Module #2971,Task automation,Mobile,Cybersecurity Tool
AI-02972,Health Tech #2972,Virtual simulation,Web,Health Tech
AI-02973,Health Tech #2973,Data analysis,Desktop,Creative Generator
AI-02974,AI Assistant #2974,Real-time monitoring,API,IoT Device
AI-02975,Cybersecurity Tool #2975,Creative design,CLI,IoT Device
AI-02976,IoT Device #2976,Virtual simulation,Embedded,Finance Bot
AI-02977,Cybersecurity Tool #2977,Real-time monitoring,Web,Automation Script
AI-02978,IoT Device #2978,Smart scheduling,Desktop,Cybersecurity Tool
AI-02979,Health Tech #2979,Recommendation,API,Cybersecurity Tool
AI-02980,IoT Device #2980,Task automation,Mobile,Marketing Engine
AI-02981,Marketing Engine #2981,Real-time monitoring,Embedded,Marketing Engine
AI-02982,Health Tech #2982,Real-time monitoring,Embedded,Digital Tool
AI-02983,Cybersecurity Tool #2983,Task automation,Desktop,Cybersecurity Tool
AI-02984,Health Tech #2984,Translation,Embedded,Automation Script
AI-02985,Marketing Engine #2985,Creative design,CLI,Creative Generator
AI-02986,Digital Tool #2986,Virtual simulation,Mobile,Education Module
AI-02987,Cybersecurity Tool #2987,Recommendation,Embedded,IoT Device
AI-02988,Marketing Engine #2988,Real-time monitoring,Embedded,Creative Generator
AI-02989,Education Module #2989,Data analysis,Mobile,Creative Generator
AI-02990,Automation Script #2990,Creative design,Mobile,Health Tech
AI-02991,Education Module #2991,Content generation,Mobile,Health Tech
AI-02992,Cybersecurity Tool #2992,Task automation,Desktop,Automation Script
AI-02993,Marketing Engine #2993,Task automation,Embedded,Cybersecurity Tool
AI-02994,Marketing Engine #2994,Data analysis,Mobile,Automation Script
AI-02995,Digital Tool #2995,Smart scheduling,Web,Creative Generator
AI-02996,Digital Tool #2996,Task automation,CLI,AI Assistant
AI-02997,Health Tech #2997,Real-time monitoring,Web,IoT Device
AI-02998,Education Module #2998,Translation,Embedded,Creative Generator
AI-02999,IoT Device #2999,Virtual simulation,Web,Automation Script
AI-03000,Marketing Engine #3000,Real-time monitoring,CLI,Education Module
AI-03001,Finance Bot #3001,Task automation,CLI,Cybersecurity Tool
AI-03002,Education Module #3002,Translation,CLI,Health Tech
AI-03003,Digital Tool #3003,Content generation,Web,Finance Bot
AI-03004,Education Module #3004,Customer support,Embedded,IoT Device
AI-03005,Marketing Engine #3005,Real-time monitoring,API,Cybersecurity Tool
AI-03006,Education Module #3006,Virtual simulation,CLI,Health Tech
AI-03007,Marketing Engine #3007,Data analysis,CLI,Marketing Engine
AI-03008,IoT Device #3008,Creative design,CLI,Cybersecurity Tool
AI-03009,Education Module #3009,Customer support,Desktop,Digital Tool
AI-03010,Automation Script #3010,Translation,CLI,Cybersecurity Tool
AI-03011,IoT Device #3011,Virtual simulation,Mobile,Marketing Engine
AI-03012,IoT Device #3012,Virtual simulation,Desktop,Digital Tool
AI-03013,IoT Device #3013,Recommendation,Mobile,Creative Generator
AI-03014,Automation Script #3014,Smart scheduling,Desktop,Cybersecurity Tool
AI-03015,Finance Bot #3015,Data analysis,CLI,Creative Generator
AI-03016,Education Module #3016,Smart scheduling,API,Digital Tool
AI-03017,IoT Device #3017,Creative design,Web,Cybersecurity Tool
AI-03018,Cybersecurity Tool #3018,Customer support,Embedded,Digital Tool
AI-03019,Education Module #3019,Creative design,API,IoT Device
AI-03020,Health Tech #3020,Real-time monitoring,Mobile,Finance Bot
AI-03021,Marketing Engine #3021,Customer support,Web,IoT Device
AI-03022,IoT Device #3022,Virtual simulation,API,Automation Script
AI-03023,Marketing Engine #3023,Data analysis,Desktop,Marketing Engine
AI-03024,Digital Tool #3024,Smart scheduling,CLI,Health Tech
AI-03025,IoT Device #3025,Content generation,CLI,Finance Bot
AI-03026,IoT Device #3026,Smart scheduling,Mobile,IoT Device
AI-03027,Cybersecurity Tool #3027,Recommendation,Web,AI Assistant
AI-03028,Health Tech #3028,Creative design,Mobile,Health Tech
AI-03029,Cybersecurity Tool #3029,Creative design,Embedded,IoT Device
AI-03030,Education Module #3030,Recommendation,Embedded,Digital Tool
AI-03031,AI Assistant #3031,Smart scheduling,Mobile,IoT Device
AI-03032,Education Module #3032,Translation,Mobile,Creative Generator
AI-03033,Education Module #3033,Recommendation,Web,AI Assistant
AI-03034,Marketing Engine #3034,Virtual simulation,API,Creative Generator
AI-03035,Creative Generator #3035,Recommendation,Embedded,Creative Generator
AI-03036,Automation Script #3036,Real-time monitoring,API,Automation Script
AI-03037,Creative Generator #3037,Customer support,Web,Health Tech
AI-03038,Marketing Engine #3038,Recommendation,API,Education Module
AI-03039,Creative Generator #3039,Content generation,CLI,Finance Bot
AI-03040,IoT Device #3040,Virtual simulation,Embedded,Creative Generator
AI-03041,Automation Script #3041,Virtual simulation,Embedded,Marketing Engine
AI-03042,Health Tech #3042,Smart scheduling,Desktop,Health Tech
AI-03043,Health Tech #3043,Creative design,CLI,AI Assistant
AI-03044,Automation Script #3044,Translation,Mobile,AI Assistant
AI-03045,AI Assistant #3045,Customer support,API,Cybersecurity Tool
AI-03046,Cybersecurity Tool #3046,Real-time monitoring,Web,Finance Bot
AI-03047,Automation Script #3047,Data analysis,Web,IoT Device
AI-03048,Finance Bot #3048,Real-time monitoring,Embedded,Education Module
AI-03049,Finance Bot #3049,Real-time monitoring,Embedded,Finance Bot
AI-03050,Health Tech #3050,Creative design,API,Finance Bot
AI-03051,Cybersecurity Tool #3051,Data analysis,Web,Creative Generator
AI-03052,Automation Script #3052,Translation,CLI,Automation Script
AI-03053,IoT Device #3053,Task automation,API,Automation Script
AI-03054,Health Tech #3054,Virtual simulation,Mobile,IoT Device
AI-03055,Automation Script #3055,Creative design,Embedded,Cybersecurity Tool
AI-03056,Automation Script #3056,Customer support,Web,Marketing Engine
AI-03057,Marketing Engine #3057,Smart scheduling,Mobile,Automation Script
AI-03058,Digital Tool #3058,Real-time monitoring,Embedded,Digital Tool
AI-03059,IoT Device #3059,Task automation,API,Creative Generator
AI-03060,Creative Generator #3060,Virtual simulation,Embedded,Education Module
AI-03061,Digital Tool #3061,Virtual simulation,Desktop,Digital Tool
AI-03062,IoT Device #3062,Task automation,Embedded,Marketing Engine
AI-03063,Digital Tool #3063,Content generation,Mobile,AI Assistant
AI-03064,Automation Script #3064,Virtual simulation,Web,Marketing Engine
AI-03065,Digital Tool #3065,Recommendation,API,Education Module
AI-03066,Finance Bot #3066,Translation,Desktop,Education Module
AI-03067,IoT Device #3067,Creative design,API,Education Module
AI-03068,Marketing Engine #3068,Recommendation,Web,IoT Device
AI-03069,Creative Generator #3069,Real-time monitoring,API,IoT Device
AI-03070,IoT Device #3070,Recommendation,API,Creative Generator
AI-03071,Marketing Engine #3071,Content generation,Embedded,Health Tech
AI-03072,Digital Tool #3072,Content generation,Web,Digital Tool
AI-03073,IoT Device #3073,Data analysis,Embedded,Digital Tool
AI-03074,IoT Device #3074,Recommendation,Mobile,Marketing Engine
AI-03075,Digital Tool #3075,Translation,Mobile,Automation Script
AI-03076,Marketing Engine #3076,Customer support,Web,Digital Tool
AI-03077,Automation Script #3077,Data analysis,Desktop,AI Assistant
AI-03078,Creative Generator #3078,Content generation,Mobile,IoT Device
AI-03079,AI Assistant #3079,Task automation,API,AI Assistant
AI-03080,Education Module #3080,Translation,API,Automation Script
AI-03081,Creative Generator #3081,Data analysis,Mobile,Finance Bot
AI-03082,Health Tech #3082,Recommendation,Desktop,Automation Script
AI-03083,AI Assistant #3083,Content generation,API,Education Module
AI-03084,Education Module #3084,Task automation,Mobile,Creative Generator
AI-03085,Automation Script #3085,Translation,CLI,Finance Bot
AI-03086,Health Tech #3086,Task automation,Web,Digital Tool
AI-03087,Digital Tool #3087,Customer support,Embedded,Health Tech
AI-03088,Marketing Engine #3088,Customer support,API,Cybersecurity Tool
AI-03089,Marketing Engine #3089,Smart scheduling,CLI,Finance Bot
AI-03090,AI Assistant #3090,Translation,Embedded,Finance Bot
AI-03091,Cybersecurity Tool #3091,Translation,Web,Finance Bot
AI-03092,AI Assistant #3092,Creative design,Web,Finance Bot
AI-03093,Digital Tool #3093,Customer support,CLI,Marketing Engine
AI-03094,Education Module #3094,Virtual simulation,Desktop,Creative Generator
AI-03095,Digital Tool #3095,Real-time monitoring,CLI,Finance Bot
AI-03096,Finance Bot #3096,Creative design,Mobile,Health Tech
AI-03097,Cybersecurity Tool #3097,Virtual simulation,API,Health Tech
AI-03098,Creative Generator #3098,Content generation,Mobile,Digital Tool
AI-03099,Health Tech #3099,Recommendation,Web,Cybersecurity Tool
AI-03100,IoT Device #3100,Customer support,Embedded,Finance Bot
AI-03101,Cybersecurity Tool #3101,Recommendation,Mobile,Finance Bot
AI-03102,Creative Generator #3102,Content generation,Embedded,Digital Tool
AI-03103,Health Tech #3103,Smart scheduling,Embedded,IoT Device
AI-03104,Automation Script #3104,Task automation,API,Health Tech
AI-03105,Education Module #3105,Task automation,CLI,Cybersecurity Tool
AI-03106,Health Tech #3106,Customer support,Web,AI Assistant
AI-03107,Cybersecurity Tool #3107,Customer support,Desktop,Education Module
AI-03108,IoT Device #3108,Virtual simulation,Desktop,Health Tech
AI-03109,Finance Bot #3109,Translation,Web,Marketing Engine
AI-03110,Automation Script #3110,Content generation,CLI,IoT Device
AI-03111,Creative Generator #3111,Real-time monitoring,Mobile,Health Tech
AI-03112,Cybersecurity Tool #3112,Translation,API,Cybersecurity Tool
AI-03113,AI Assistant #3113,Smart scheduling,Embedded,Marketing Engine
AI-03114,Health Tech #3114,Creative design,CLI,Cybersecurity Tool
AI-03115,Automation Script #3115,Recommendation,Desktop,Marketing Engine
AI-03116,Finance Bot #3116,Smart scheduling,API,Creative Generator
AI-03117,Education Module #3117,Data analysis,Mobile,AI Assistant
AI-03118,Automation Script #3118,Translation,Web,Finance Bot
AI-03119,Digital Tool #3119,Translation,Desktop,Marketing Engine
AI-03120,Digital Tool #3120,Data analysis,Desktop,Automation Script
AI-03121,Marketing Engine #3121,Virtual simulation,CLI,Health Tech
AI-03122,Digital Tool #3122,Virtual simulation,CLI,Health Tech
AI-03123,Cybersecurity Tool #3123,Task automation,Mobile,Creative Generator
AI-03124,Cybersecurity Tool #3124,Recommendation,Mobile,Marketing Engine
AI-03125,Creative Generator #3125,Customer support,Web,Education Module
AI-03126,Automation Script #3126,Translation,Mobile,Cybersecurity Tool
AI-03127,IoT Device #3127,Recommendation,Mobile,Marketing Engine
AI-03128,Marketing Engine #3128,Translation,CLI,Finance Bot
AI-03129,Health Tech #3129,Recommendation,Mobile,Creative Generator
AI-03130,Digital Tool #3130,Content generation,Desktop,IoT Device
AI-03131,Health Tech #3131,Recommendation,Desktop,Automation Script
AI-03132,AI Assistant #3132,Content generation,API,Marketing Engine
AI-03133,Education Module #3133,Task automation,API,Automation Script
AI-03134,Marketing Engine #3134,Smart scheduling,CLI,Automation Script
AI-03135,Digital Tool #3135,Customer support,CLI,Digital Tool
AI-03136,Digital Tool #3136,Task automation,Desktop,Automation Script
AI-03137,AI Assistant #3137,Recommendation,Mobile,Marketing Engine
AI-03138,Education Module #3138,Recommendation,Embedded,IoT Device
AI-03139,Digital Tool #3139,Translation,Desktop,Education Module
AI-03140,Education Module #3140,Smart scheduling,API,Creative Generator
AI-03141,Cybersecurity Tool #3141,Recommendation,Mobile,Marketing Engine
AI-03142,AI Assistant #3142,Data analysis,API,AI Assistant
AI-03143,Creative Generator #3143,Customer support,API,Education Module
AI-03144,Finance Bot #3144,Translation,Desktop,Education Module
AI-03145,Education Module #3145,Translation,Embedded,Cybersecurity Tool
AI-03146,Digital Tool #3146,Virtual simulation,CLI,Digital Tool
AI-03147,Digital Tool #3147,Virtual simulation,Desktop,Automation Script
AI-03148,Cybersecurity Tool #3148,Creative design,CLI,Automation Script
AI-03149,Digital Tool #3149,Customer support,Desktop,Education Module
AI-03150,Digital Tool #3150,Virtual simulation,API,Finance Bot
AI-03151,Marketing Engine #3151,Smart scheduling,Web,Automation Script
AI-03152,Creative Generator #3152,Translation,CLI,Marketing Engine
AI-03153,Finance Bot #3153,Task automation,Desktop,Creative Generator
AI-03154,Health Tech #3154,Smart scheduling,API,AI Assistant
AI-03155,IoT Device #3155,Real-time monitoring,Web,IoT Device
AI-03156,Health Tech #3156,Translation,CLI,Cybersecurity Tool
AI-03157,IoT Device #3157,Recommendation,Embedded,IoT Device
AI-03158,Creative Generator #3158,Creative design,API,Marketing Engine
AI-03159,Cybersecurity Tool #3159,Task automation,Web,Marketing Engine
AI-03160,Creative Generator #3160,Data analysis,CLI,Automation Script
AI-03161,Digital Tool #3161,Content generation,CLI,Digital Tool
AI-03162,Education Module #3162,Customer support,Desktop,IoT Device
AI-03163,Digital Tool #3163,Real-time monitoring,Embedded,Marketing Engine
AI-03164,IoT Device #3164,Translation,Web,Creative Generator
AI-03165,Digital Tool #3165,Real-time monitoring,Desktop,Automation Script
AI-03166,Cybersecurity Tool #3166,Content generation,Mobile,Digital Tool
AI-03167,AI Assistant #3167,Virtual simulation,Desktop,Education Module
AI-03168,Cybersecurity Tool #3168,Real-time monitoring,API,Digital Tool
AI-03169,Automation Script #3169,Recommendation,CLI,Digital Tool
AI-03170,IoT Device #3170,Data analysis,Web,Digital Tool
AI-03171,AI Assistant #3171,Translation,Embedded,Health Tech
AI-03172,Education Module #3172,Data analysis,Mobile,Creative Generator
AI-03173,AI Assistant #3173,Translation,Desktop,Health Tech
AI-03174,AI Assistant #3174,Virtual simulation,Web,Marketing Engine
AI-03175,Automation Script #3175,Data analysis,Mobile,Cybersecurity Tool
AI-03176,Automation Script #3176,Translation,CLI,Cybersecurity Tool
AI-03177,Digital Tool #3177,Real-time monitoring,Mobile,Cybersecurity Tool
AI-03178,Digital Tool #3178,Recommendation,CLI,Creative Generator
AI-03179,Digital Tool #3179,Data analysis,Mobile,Cybersecurity Tool
AI-03180,Education Module #3180,Data analysis,API,Education Module
AI-03181,Marketing Engine #3181,Content generation,CLI,Digital Tool
AI-03182,IoT Device #3182,Real-time monitoring,Web,AI Assistant
AI-03183,Cybersecurity Tool #3183,Creative design,Embedded,Automation Script
AI-03184,Marketing Engine #3184,Customer support,Desktop,IoT Device
AI-03185,Finance Bot #3185,Creative design,Desktop,Health Tech
AI-03186,Education Module #3186,Smart scheduling,API,Marketing Engine
AI-03187,Health Tech #3187,Real-time monitoring,Mobile,AI Assistant
AI-03188,Digital Tool #3188,Virtual simulation,Mobile,Cybersecurity Tool
AI-03189,Creative Generator #3189,Translation,Embedded,Cybersecurity Tool
AI-03190,AI Assistant #3190,Task automation,Desktop,Education Module
AI-03191,AI Assistant #3191,Smart scheduling,Mobile,Marketing Engine
AI-03192,Cybersecurity Tool #3192,Content generation,Web,Health Tech
AI-03193,Finance Bot #3193,Content generation,API,Creative Generator
AI-03194,Cybersecurity Tool #3194,Content generation,API,Health Tech
AI-03195,IoT Device #3195,Recommendation,CLI,IoT Device
AI-03196,Digital Tool #3196,Data analysis,CLI,Creative Generator
AI-03197,Education Module #3197,Translation,Web,IoT Device
AI-03198,Finance Bot #3198,Task automation,API,Finance Bot
AI-03199,Finance Bot #3199,Translation,Mobile,IoT Device
AI-03200,Automation Script #3200,Real-time monitoring,Desktop,AI Assistant
AI-03201,AI Assistant #3201,Recommendation,Embedded,Education Module
AI-03202,Cybersecurity Tool #3202,Data analysis,CLI,Education Module
AI-03203,Health Tech #3203,Task automation,Desktop,Automation Script
AI-03204,IoT Device #3204,Virtual simulation,Desktop,Health Tech
AI-03205,Health Tech #3205,Recommendation,API,Digital Tool
AI-03206,Education Module #3206,Virtual simulation,Embedded,Finance Bot
AI-03207,Digital Tool #3207,Virtual simulation,Web,AI Assistant
AI-03208,Creative Generator #3208,Content generation,CLI,Automation Script
AI-03209,Finance Bot #3209,Recommendation,Embedded,Marketing Engine
AI-03210,Creative Generator #3210,Data analysis,Embedded,Cybersecurity Tool
AI-03211,Finance Bot #3211,Smart scheduling,Embedded,Digital Tool
AI-03212,Automation Script #3212,Data analysis,Mobile,Digital Tool
AI-03213,Education Module #3213,Translation,Desktop,IoT Device
AI-03214,IoT Device #3214,Data analysis,Embedded,Automation Script
AI-03215,Cybersecurity Tool #3215,Customer support,Desktop,Health Tech
AI-03216,Automation Script #3216,Real-time monitoring,Mobile,Health Tech
AI-03217,Education Module #3217,Data analysis,Embedded,AI Assistant
AI-03218,Education Module #3218,Content generation,Embedded,Cybersecurity Tool
AI-03219,Digital Tool #3219,Smart scheduling,Web,Education Module
AI-03220,Finance Bot #3220,Customer support,Mobile,Health Tech
AI-03221,Cybersecurity Tool #3221,Smart scheduling,CLI,Digital Tool
AI-03222,Creative Generator #3222,Creative design,Desktop,Creative Generator
AI-03223,Education Module #3223,Virtual simulation,Desktop,IoT Device
AI-03224,Finance Bot #3224,Smart scheduling,CLI,AI Assistant
AI-03225,Education Module #3225,Content generation,Web,Cybersecurity Tool
AI-03226,Digital Tool #3226,Smart scheduling,Mobile,AI Assistant
AI-03227,Creative Generator #3227,Translation,CLI,Cybersecurity Tool
AI-03228,Finance Bot #3228,Task automation,Mobile,AI Assistant
AI-03229,IoT Device #3229,Virtual simulation,Mobile,Creative Generator
AI-03230,Creative Generator #3230,Content generation,Embedded,Marketing Engine
AI-03231,Creative Generator #3231,Translation,Desktop,AI Assistant
AI-03232,Health Tech #3232,Customer support,API,AI Assistant
AI-03233,Marketing Engine #3233,Customer support,CLI,Education Module
AI-03234,Health Tech #3234,Translation,Mobile,IoT Device
AI-03235,Automation Script #3235,Translation,Web,Creative Generator
AI-03236,Creative Generator #3236,Real-time monitoring,API,Finance Bot
AI-03237,IoT Device #3237,Smart scheduling,API,Cybersecurity Tool
AI-03238,Education Module #3238,Data analysis,Desktop,Education Module
AI-03239,Health Tech #3239,Translation,Embedded,Health Tech
AI-03240,AI Assistant #3240,Creative design,API,Education Module
AI-03241,Creative Generator #3241,Content generation,Web,Cybersecurity Tool
AI-03242,IoT Device #3242,Real-time monitoring,Mobile,Automation Script
AI-03243,Health Tech #3243,Recommendation,Desktop,Marketing Engine
AI-03244,Digital Tool #3244,Translation,Mobile,AI Assistant
AI-03245,Creative Generator #3245,Smart scheduling,Embedded,IoT Device
AI-03246,Education Module #3246,Real-time monitoring,API,Automation Script
AI-03247,Cybersecurity Tool #3247,Customer support,Embedded,Digital Tool
AI-03248,Creative Generator #3248,Customer support,Embedded,AI Assistant
AI-03249,Education Module #3249,Smart scheduling,API,Digital Tool
AI-03250,Education Module #3250,Creative design,Mobile,Automation Script
AI-03251,AI Assistant #3251,Creative design,Desktop,IoT Device
AI-03252,Education Module #3252,Real-time monitoring,Web,Marketing Engine
AI-03253,Digital Tool #3253,Creative design,API,Creative Generator
AI-03254,Education Module #3254,Smart scheduling,Embedded,IoT Device
AI-03255,IoT Device #3255,Creative design,Web,Finance Bot
AI-03256,IoT Device #3256,Task automation,Web,Education Module
AI-03257,Health Tech #3257,Smart scheduling,Mobile,AI Assistant
AI-03258,Health Tech #3258,Content generation,Embedded,Digital Tool
AI-03259,Automation Script #3259,Task automation,Web,Creative Generator
AI-03260,Cybersecurity Tool #3260,Content generation,CLI,Finance Bot
AI-03261,IoT Device #3261,Smart scheduling,Desktop,AI Assistant
AI-03262,Digital Tool #3262,Real-time monitoring,CLI,Digital Tool
AI-03263,Finance Bot #3263,Creative design,Mobile,Finance Bot
AI-03264,Creative Generator #3264,Recommendation,Embedded,Cybersecurity Tool
AI-03265,Health Tech #3265,Virtual simulation,Web,Creative Generator
AI-03266,Creative Generator #3266,Smart scheduling,CLI,IoT Device
AI-03267,Education Module #3267,Creative design,Mobile,IoT Device
AI-03268,Creative Generator #3268,Translation,CLI,Finance Bot
AI-03269,IoT Device #3269,Recommendation,Desktop,Education Module
AI-03270,Marketing Engine #3270,Data analysis,API,IoT Device
AI-03271,Automation Script #3271,Translation,CLI,Creative Generator
AI-03272,Education Module #3272,Real-time monitoring,Web,IoT Device
AI-03273,Education Module #3273,Smart scheduling,CLI,Marketing Engine
AI-03274,Marketing Engine #3274,Virtual simulation,Desktop,Finance Bot
AI-03275,AI Assistant #3275,Recommendation,Embedded,Cybersecurity Tool
AI-03276,Automation Script #3276,Virtual simulation,Mobile,Digital Tool
AI-03277,AI Assistant #3277,Recommendation,Embedded,Health Tech
AI-03278,Digital Tool #3278,Data analysis,Embedded,Education Module
AI-03279,Finance Bot #3279,Customer support,Embedded,AI Assistant
AI-03280,Cybersecurity Tool #3280,Real-time monitoring,Desktop,Automation Script
AI-03281,Digital Tool #3281,Creative design,Desktop,Digital Tool
AI-03282,Cybersecurity Tool #3282,Translation,Desktop,IoT Device
AI-03283,Finance Bot #3283,Smart scheduling,Embedded,Marketing Engine
AI-03284,Education Module #3284,Translation,CLI,Health Tech
AI-03285,Education Module #3285,Task automation,Embedded,Marketing Engine
AI-03286,Marketing Engine #3286,Customer support,CLI,AI Assistant
AI-03287,IoT Device #3287,Smart scheduling,API,Marketing Engine
AI-03288,AI Assistant #3288,Customer support,Web,Health Tech
AI-03289,IoT Device #3289,Recommendation,Desktop,Health Tech
AI-03290,Automation Script #3290,Translation,Mobile,Education Module
AI-03291,Automation Script #3291,Creative design,API,Health Tech
AI-03292,Marketing Engine #3292,Data analysis,Desktop,Marketing Engine
AI-03293,Creative Generator #3293,Translation,Web,AI Assistant
AI-03294,IoT Device #3294,Data analysis,Desktop,Digital Tool
AI-03295,Cybersecurity Tool #3295,Virtual simulation,Web,Digital Tool
AI-03296,Finance Bot #3296,Content generation,Mobile,Marketing Engine
AI-03297,Digital Tool #3297,Smart scheduling,CLI,AI Assistant
AI-03298,Creative Generator #3298,Task automation,API,Health Tech
AI-03299,AI Assistant #3299,Creative design,Embedded,Digital Tool
AI-03300,Automation Script #3300,Task automation,Embedded,Marketing Engine
AI-03301,Automation Script #3301,Customer support,CLI,Marketing Engine
AI-03302,Digital Tool #3302,Virtual simulation,CLI,Cybersecurity Tool
AI-03303,IoT Device #3303,Creative design,Mobile,Marketing Engine
AI-03304,Creative Generator #3304,Smart scheduling,API,Digital Tool
AI-03305,AI Assistant #3305,Real-time monitoring,CLI,Creative Generator
AI-03306,IoT Device #3306,Content generation,Mobile,Education Module
AI-03307,AI Assistant #3307,Real-time monitoring,Mobile,Automation Script
AI-03308,Health Tech #3308,Task automation,Mobile,Health Tech
AI-03309,Cybersecurity Tool #3309,Customer support,Web,Creative Generator
AI-03310,Education Module #3310,Creative design,Embedded,IoT Device
AI-03311,Education Module #3311,Smart scheduling,CLI,Creative Generator
AI-03312,Finance Bot #3312,Creative design,Mobile,IoT Device
AI-03313,AI Assistant #3313,Real-time monitoring,Embedded,Education Module
AI-03314,Creative Generator #3314,Translation,CLI,IoT Device
AI-03315,Creative Generator #3315,Real-time monitoring,CLI,Creative Generator
AI-03316,IoT Device #3316,Virtual simulation,API,Education Module
AI-03317,AI Assistant #3317,Creative design,API,Education Module
AI-03318,IoT Device #3318,Recommendation,API,Automation Script
AI-03319,AI Assistant #3319,Virtual simulation,Web,IoT Device
AI-03320,Creative Generator #3320,Data analysis,Embedded,Cybersecurity Tool
AI-03321,Finance Bot #3321,Creative design,Web,Health Tech
AI-03322,Health Tech #3322,Creative design,Mobile,Education Module
AI-03323,Health Tech #3323,Data analysis,API,Education Module
AI-03324,Education Module #3324,Real-time monitoring,Desktop,Cybersecurity Tool
AI-03325,AI Assistant #3325,Translation,Embedded,Automation Script
AI-03326,Automation Script #3326,Data analysis,Desktop,Digital Tool
AI-03327,Digital Tool #3327,Recommendation,Mobile,Health Tech
AI-03328,AI Assistant #3328,Data analysis,Desktop,Creative Generator
AI-03329,Digital Tool #3329,Customer support,Embedded,Health Tech
AI-03330,Finance Bot #3330,Creative design,API,Digital Tool
AI-03331,Creative Generator #3331,Creative design,API,Creative Generator
AI-03332,Education Module #3332,Smart scheduling,Web,Automation Script
AI-03333,Cybersecurity Tool #3333,Virtual simulation,Web,Cybersecurity Tool
AI-03334,Marketing Engine #3334,Content generation,Desktop,Automation Script
AI-03335,Marketing Engine #3335,Creative design,Desktop,Creative Generator
AI-03336,Automation Script #3336,Data analysis,Web,AI Assistant
AI-03337,Education Module #3337,Creative design,Embedded,Marketing Engine
AI-03338,Marketing Engine #3338,Virtual simulation,CLI,AI Assistant
AI-03339,AI Assistant #3339,Task automation,Web,Digital Tool
AI-03340,Cybersecurity Tool #3340,Data analysis,Embedded,Cybersecurity Tool
AI-03341,Cybersecurity Tool #3341,Recommendation,Embedded,Creative Generator
AI-03342,Automation Script #3342,Task automation,Mobile,Creative Generator
AI-03343,Digital Tool #3343,Customer support,API,Automation Script
AI-03344,Automation Script #3344,Task automation,Embedded,IoT Device
AI-03345,Automation Script #3345,Smart scheduling,Mobile,Digital Tool
AI-03346,Education Module #3346,Translation,Mobile,Education Module
AI-03347,Marketing Engine #3347,Recommendation,Mobile,Automation Script
AI-03348,Marketing Engine #3348,Creative design,API,Education Module
AI-03349,Automation Script #3349,Creative design,Web,AI Assistant
AI-03350,Creative Generator #3350,Real-time monitoring,Embedded,Digital Tool
AI-03351,Marketing Engine #3351,Recommendation,API,AI Assistant
AI-03352,Creative Generator #3352,Content generation,CLI,AI Assistant
AI-03353,Digital Tool #3353,Real-time monitoring,Web,Automation Script
AI-03354,Education Module #3354,Data analysis,Web,Cybersecurity Tool
AI-03355,Education Module #3355,Translation,Embedded,Marketing Engine
AI-03356,Health Tech #3356,Task automation,Web,Health Tech
AI-03357,Finance Bot #3357,Data analysis,Desktop,Automation Script
AI-03358,Education Module #3358,Virtual simulation,Web,Health Tech
AI-03359,AI Assistant #3359,Real-time monitoring,CLI,Marketing Engine
AI-03360,Marketing Engine #3360,Data analysis,CLI,Education Module
AI-03361,Marketing Engine #3361,Real-time monitoring,CLI,Digital Tool
AI-03362,Automation Script #3362,Recommendation,API,Cybersecurity Tool
AI-03363,Creative Generator #3363,Real-time monitoring,API,Marketing Engine
AI-03364,Marketing Engine #3364,Smart scheduling,Embedded,Education Module
AI-03365,Health Tech #3365,Customer support,Embedded,Digital Tool
AI-03366,Automation Script #3366,Content generation,Mobile,Digital Tool
AI-03367,Digital Tool #3367,Content generation,Embedded,Cybersecurity Tool
AI-03368,Cybersecurity Tool #3368,Data analysis,CLI,Cybersecurity Tool
AI-03369,Finance Bot #3369,Recommendation,CLI,IoT Device
AI-03370,Marketing Engine #3370,Creative design,Desktop,Digital Tool
AI-03371,Digital Tool #3371,Creative design,Web,Creative Generator
AI-03372,Finance Bot #3372,Data analysis,CLI,Health Tech
AI-03373,Marketing Engine #3373,Task automation,Mobile,Digital Tool
AI-03374,Education Module #3374,Data analysis,Desktop,Automation Script
AI-03375,Cybersecurity Tool #3375,Data analysis,Embedded,Education Module
AI-03376,Health Tech #3376,Virtual simulation,API,Digital Tool
AI-03377,Health Tech #3377,Creative design,API,Cybersecurity Tool
AI-03378,Health Tech #3378,Creative design,Web,Cybersecurity Tool
AI-03379,Creative Generator #3379,Content generation,API,Automation Script
AI-03380,Digital Tool #3380,Real-time monitoring,Desktop,Education Module
AI-03381,AI Assistant #3381,Customer support,Desktop,Finance Bot
AI-03382,Creative Generator #3382,Content generation,Mobile,Cybersecurity Tool
AI-03383,Digital Tool #3383,Task automation,Embedded,IoT Device
AI-03384,IoT Device #3384,Translation,Embedded,Education Module
AI-03385,IoT Device #3385,Data analysis,API,Health Tech
AI-03386,Digital Tool #3386,Task automation,Web,Digital Tool
AI-03387,IoT Device #3387,Content generation,CLI,Creative Generator
AI-03388,Creative Generator #3388,Customer support,API,Health Tech
AI-03389,IoT Device #3389,Task automation,Desktop,Digital Tool
AI-03390,Finance Bot #3390,Creative design,CLI,Creative Generator
AI-03391,Automation Script #3391,Translation,CLI,IoT Device
AI-03392,Finance Bot #3392,Task automation,Mobile,Education Module
AI-03393,Finance Bot #3393,Data analysis,Embedded,Marketing Engine
AI-03394,Automation Script #3394,Customer support,Embedded,Automation Script
AI-03395,Education Module #3395,Translation,Desktop,Finance Bot
AI-03396,Health Tech #3396,Creative design,Mobile,Marketing Engine
AI-03397,AI Assistant #3397,Task automation,Desktop,Creative Generator
AI-03398,Cybersecurity Tool #3398,Translation,Desktop,Health Tech
AI-03399,Finance Bot #3399,Translation,Embedded,Education Module
AI-03400,Digital Tool #3400,Task automation,Mobile,Creative Generator
AI-03401,IoT Device #3401,Customer support,Mobile,Cybersecurity Tool
AI-03402,Health Tech #3402,Translation,Web,IoT Device
AI-03403,Cybersecurity Tool #3403,Smart scheduling,Mobile,Education Module
AI-03404,Cybersecurity Tool #3404,Task automation,Web,Marketing Engine
AI-03405,AI Assistant #3405,Smart scheduling,Embedded,Creative Generator
AI-03406,Creative Generator #3406,Content generation,Mobile,Creative Generator
AI-03407,Cybersecurity Tool #3407,Recommendation,API,AI Assistant
AI-03408,Finance Bot #3408,Data analysis,Embedded,Automation Script
AI-03409,Health Tech #3409,Real-time monitoring,Mobile,Creative Generator
AI-03410,Finance Bot #3410,Data analysis,Web,Digital Tool
AI-03411,Finance Bot #3411,Smart scheduling,Mobile,Cybersecurity Tool
AI-03412,AI Assistant #3412,Translation,Embedded,Cybersecurity Tool
AI-03413,AI Assistant #3413,Creative design,Desktop,Marketing Engine
AI-03414,Creative Generator #3414,Recommendation,Desktop,Cybersecurity Tool
AI-03415,Digital Tool #3415,Translation,Web,Cybersecurity Tool
AI-03416,Finance Bot #3416,Creative design,Mobile,Cybersecurity Tool
AI-03417,Cybersecurity Tool #3417,Customer support,Desktop,AI Assistant
AI-03418,Finance Bot #3418,Creative design,API,Digital Tool
AI-03419,Health Tech #3419,Customer support,Desktop,Automation Script
AI-03420,Cybersecurity Tool #3420,Smart scheduling,Embedded,IoT Device
AI-03421,Marketing Engine #3421,Translation,Embedded,Automation Script
AI-03422,Health Tech #3422,Data analysis,Embedded,AI Assistant
AI-03423,Marketing Engine #3423,Smart scheduling,Mobile,Automation Script
AI-03424,AI Assistant #3424,Creative design,Mobile,Health Tech
AI-03425,Health Tech #3425,Virtual simulation,Mobile,Education Module
AI-03426,Automation Script #3426,Smart scheduling,Web,Finance Bot
AI-03427,Finance Bot #3427,Virtual simulation,API,Marketing Engine
AI-03428,Automation Script #3428,Creative design,Web,AI Assistant
AI-03429,AI Assistant #3429,Customer support,CLI,Health Tech
AI-03430,Digital Tool #3430,Recommendation,Mobile,Education Module
AI-03431,Education Module #3431,Creative design,Desktop,Cybersecurity Tool
AI-03432,IoT Device #3432,Real-time monitoring,Mobile,Marketing Engine
AI-03433,Creative Generator #3433,Virtual simulation,Desktop,AI Assistant
AI-03434,IoT Device #3434,Task automation,Embedded,IoT Device
AI-03435,Cybersecurity Tool #3435,Customer support,CLI,Digital Tool
AI-03436,AI Assistant #3436,Customer support,Mobile,IoT Device
AI-03437,IoT Device #3437,Real-time monitoring,API,Finance Bot
AI-03438,Creative Generator #3438,Virtual simulation,Embedded,Creative Generator
AI-03439,Creative Generator #3439,Recommendation,CLI,Digital Tool
AI-03440,Creative Generator #3440,Real-time monitoring,Mobile,Automation Script
AI-03441,Digital Tool #3441,Recommendation,CLI,IoT Device
AI-03442,IoT Device #3442,Data analysis,API,Creative Generator
AI-03443,Digital Tool #3443,Real-time monitoring,Embedded,Creative Generator
AI-03444,Cybersecurity Tool #3444,Data analysis,Embedded,Health Tech
AI-03445,AI Assistant #3445,Recommendation,Web,Marketing Engine
AI-03446,Creative Generator #3446,Customer support,CLI,Digital Tool
AI-03447,Automation Script #3447,Task automation,CLI,Marketing Engine
AI-03448,Digital Tool #3448,Creative design,Mobile,Finance Bot
AI-03449,Finance Bot #3449,Smart scheduling,Desktop,IoT Device
AI-03450,Automation Script #3450,Customer support,Mobile,Health Tech
AI-03451,AI Assistant #3451,Smart scheduling,Embedded,Cybersecurity Tool
AI-03452,Creative Generator #3452,Creative design,API,Marketing Engine
AI-03453,Cybersecurity Tool #3453,Data analysis,Web,Marketing Engine
AI-03454,AI Assistant #3454,Smart scheduling,Embedded,Digital Tool
AI-03455,Health Tech #3455,Real-time monitoring,API,Education Module
AI-03456,Marketing Engine #3456,Customer support,Web,AI Assistant
AI-03457,Digital Tool #3457,Data analysis,Mobile,Automation Script
AI-03458,Education Module #3458,Smart scheduling,Embedded,Digital Tool
AI-03459,Creative Generator #3459,Translation,Embedded,Creative Generator
AI-03460,Health Tech #3460,Data analysis,Embedded,IoT Device
AI-03461,Health Tech #3461,Recommendation,Mobile,Creative Generator
AI-03462,Digital Tool #3462,Real-time monitoring,Embedded,Marketing Engine
AI-03463,Education Module #3463,Creative design,CLI,IoT Device
AI-03464,Creative Generator #3464,Task automation,Embedded,Finance Bot
AI-03465,Cybersecurity Tool #3465,Real-time monitoring,CLI,IoT Device
AI-03466,AI Assistant #3466,Smart scheduling,API,Automation Script
AI-03467,Cybersecurity Tool #3467,Virtual simulation,API,Health Tech
AI-03468,Education Module #3468,Data analysis,Mobile,Digital Tool
AI-03469,Automation Script #3469,Data analysis,API,Marketing Engine
AI-03470,AI Assistant #3470,Task automation,Mobile,Marketing Engine
AI-03471,Finance Bot #3471,Virtual simulation,Embedded,Creative Generator
AI-03472,Automation Script #3472,Translation,CLI,Creative Generator
AI-03473,Digital Tool #3473,Real-time monitoring,Desktop,Marketing Engine
AI-03474,Health Tech #3474,Translation,Mobile,Education Module
AI-03475,Marketing Engine #3475,Data analysis,API,Marketing Engine
AI-03476,Finance Bot #3476,Content generation,Mobile,Automation Script
AI-03477,Digital Tool #3477,Content generation,Embedded,Creative Generator
AI-03478,Education Module #3478,Virtual simulation,Desktop,Health Tech
AI-03479,IoT Device #3479,Task automation,Embedded,Marketing Engine
AI-03480,Creative Generator #3480,Data analysis,Web,Digital Tool
AI-03481,Education Module #3481,Recommendation,Mobile,Automation Script
AI-03482,Cybersecurity Tool #3482,Data analysis,API,Automation Script
AI-03483,AI Assistant #3483,Task automation,Web,Cybersecurity Tool
AI-03484,IoT Device #3484,Recommendation,Web,Finance Bot
AI-03485,Health Tech #3485,Smart scheduling,API,Education Module
AI-03486,Finance Bot #3486,Content generation,CLI,AI Assistant
AI-03487,Creative Generator #3487,Content generation,CLI,Creative Generator
AI-03488,Creative Generator #3488,Task automation,Desktop,Digital Tool
AI-03489,AI Assistant #3489,Customer support,Web,IoT Device
AI-03490,Automation Script #3490,Creative design,Web,Creative Generator
AI-03491,Cybersecurity Tool #3491,Smart scheduling,API,Creative Generator
AI-03492,Digital Tool #3492,Translation,Mobile,IoT Device
AI-03493,Digital Tool #3493,Content generation,Embedded,Cybersecurity Tool
AI-03494,Health Tech #3494,Customer support,Desktop,Digital Tool
AI-03495,Education Module #3495,Creative design,CLI,Marketing Engine
AI-03496,IoT Device #3496,Recommendation,Web,Creative Generator
AI-03497,Health Tech #3497,Virtual simulation,Web,IoT Device
AI-03498,Finance Bot #3498,Smart scheduling,Web,AI Assistant
AI-03499,Education Module #3499,Recommendation,Desktop,IoT Device
AI-03500,Finance Bot #3500,Real-time monitoring,Desktop,AI Assistant
AI-03501,AI Assistant #3501,Content generation,CLI,Creative Generator
AI-03502,Finance Bot #3502,Task automation,Mobile,Cybersecurity Tool
AI-03503,Health Tech #3503,Virtual simulation,Embedded,Health Tech
AI-03504,IoT Device #3504,Task automation,Web,IoT Device
AI-03505,Education Module #3505,Content generation,API,AI Assistant
AI-03506,Finance Bot #3506,Translation,Desktop,Automation Script
AI-03507,Education Module #3507,Content generation,Mobile,AI Assistant
AI-03508,AI Assistant #3508,Smart scheduling,Embedded,IoT Device
AI-03509,IoT Device #3509,Customer support,Mobile,Automation Script
AI-03510,Cybersecurity Tool #3510,Data analysis,Mobile,Marketing Engine
AI-03511,Digital Tool #3511,Creative design,API,Finance Bot
AI-03512,Creative Generator #3512,Smart scheduling,Embedded,Finance Bot
AI-03513,Cybersecurity Tool #3513,Creative design,Web,Health Tech
AI-03514,Digital Tool #3514,Content generation,Embedded,AI Assistant
AI-03515,Marketing Engine #3515,Task automation,Web,Creative Generator
AI-03516,Education Module #3516,Virtual simulation,Embedded,Digital Tool
AI-03517,Cybersecurity Tool #3517,Content generation,Mobile,Automation Script
AI-03518,Digital Tool #3518,Smart scheduling,API,IoT Device
AI-03519,Marketing Engine #3519,Task automation,Mobile,Health Tech
AI-03520,Marketing Engine #3520,Creative design,Web,Digital Tool
AI-03521,IoT Device #3521,Content generation,Desktop,Health Tech
AI-03522,Digital Tool #3522,Smart scheduling,Desktop,AI Assistant
AI-03523,AI Assistant #3523,Recommendation,Desktop,IoT Device
AI-03524,Automation Script #3524,Task automation,CLI,AI Assistant
AI-03525,AI Assistant #3525,Translation,Web,Education Module
AI-03526,AI Assistant #3526,Creative design,Desktop,Automation Script
AI-03527,Education Module #3527,Translation,Mobile,Finance Bot
AI-03528,Education Module #3528,Recommendation,Embedded,Automation Script
AI-03529,Cybersecurity Tool #3529,Data analysis,Web,IoT Device
AI-03530,Health Tech #3530,Content generation,CLI,Education Module
AI-03531,Digital Tool #3531,Data analysis,Mobile,Health Tech
AI-03532,Cybersecurity Tool #3532,Task automation,Embedded,Health Tech
AI-03533,Automation Script #3533,Smart scheduling,Desktop,Marketing Engine
AI-03534,Finance Bot #3534,Real-time monitoring,CLI,Cybersecurity Tool
AI-03535,AI Assistant #3535,Data analysis,CLI,Creative Generator
AI-03536,AI Assistant #3536,Smart scheduling,Mobile,Health Tech
AI-03537,Finance Bot #3537,Smart scheduling,Embedded,Automation Script
AI-03538,Finance Bot #3538,Data analysis,Embedded,AI Assistant
AI-03539,Creative Generator #3539,Recommendation,API,Education Module
AI-03540,AI Assistant #3540,Smart scheduling,Mobile,Automation Script
AI-03541,Digital Tool #3541,Virtual simulation,API,Digital Tool
AI-03542,Cybersecurity Tool #3542,Translation,API,Health Tech
AI-03543,Education Module #3543,Creative design,CLI,Health Tech
AI-03544,IoT Device #3544,Content generation,Embedded,Finance Bot
AI-03545,Creative Generator #3545,Virtual simulation,CLI,Health Tech
AI-03546,Creative Generator #3546,Translation,Embedded,Digital Tool
AI-03547,Creative Generator #3547,Data analysis,Embedded,Health Tech
AI-03548,Finance Bot #3548,Virtual simulation,API,Finance Bot
AI-03549,AI Assistant #3549,Creative design,CLI,Education Module
AI-03550,Marketing Engine #3550,Smart scheduling,Desktop,Creative Generator
AI-03551,Cybersecurity Tool #3551,Customer support,CLI,Creative Generator
AI-03552,Marketing Engine #3552,Translation,CLI,Education Module
AI-03553,Marketing Engine #3553,Translation,API,Digital Tool
AI-03554,AI Assistant #3554,Data analysis,API,AI Assistant
AI-03555,Health Tech #3555,Creative design,Web,Automation Script
AI-03556,Health Tech #3556,Customer support,Mobile,Finance Bot
AI-03557,IoT Device #3557,Smart scheduling,API,Finance Bot
AI-03558,Creative Generator #3558,Customer support,Desktop,Digital Tool
AI-03559,Finance Bot #3559,Translation,CLI,Creative Generator
AI-03560,Finance Bot #3560,Customer support,Mobile,Digital Tool
AI-03561,AI Assistant #3561,Real-time monitoring,Mobile,Cybersecurity Tool
AI-03562,Creative Generator #3562,Creative design,Mobile,AI Assistant
AI-03563,Finance Bot #3563,Recommendation,API,Finance Bot
AI-03564,Marketing Engine #3564,Real-time monitoring,CLI,Automation Script
AI-03565,Health Tech #3565,Creative design,Mobile,Finance Bot
AI-03566,Digital Tool #3566,Content generation,API,Automation Script
AI-03567,Automation Script #3567,Creative design,Web,Finance Bot
AI-03568,Creative Generator #3568,Virtual simulation,Embedded,Finance Bot
AI-03569,Education Module #3569,Content generation,CLI,Finance Bot
AI-03570,Education Module #3570,Content generation,Mobile,Cybersecurity Tool
AI-03571,Health Tech #3571,Customer support,Desktop,Education Module
AI-03572,Cybersecurity Tool #3572,Recommendation,Desktop,Cybersecurity Tool
AI-03573,Marketing Engine #3573,Customer support,Mobile,AI Assistant
AI-03574,Creative Generator #3574,Recommendation,Desktop,Education Module
AI-03575,Automation Script #3575,Customer support,API,Digital Tool
AI-03576,Marketing Engine #3576,Data analysis,Web,Marketing Engine
AI-03577,Finance Bot #3577,Virtual simulation,CLI,AI Assistant
AI-03578,Health Tech #3578,Virtual simulation,Mobile,Marketing Engine
AI-03579,Creative Generator #3579,Task automation,Desktop,Health Tech
AI-03580,IoT Device #3580,Creative design,Desktop,AI Assistant
AI-03581,Finance Bot #3581,Content generation,CLI,Education Module
AI-03582,Creative Generator #3582,Task automation,Mobile,Cybersecurity Tool
AI-03583,Health Tech #3583,Creative design,API,Education Module
AI-03584,Cybersecurity Tool #3584,Real-time monitoring,Desktop,Digital Tool
AI-03585,AI Assistant #3585,Recommendation,Web,Health Tech
AI-03586,Marketing Engine #3586,Real-time monitoring,Desktop,Health Tech
AI-03587,Marketing Engine #3587,Content generation,CLI,Education Module
AI-03588,Education Module #3588,Customer support,Mobile,Digital Tool
AI-03589,AI Assistant #3589,Translation,Embedded,Creative Generator
AI-03590,Digital Tool #3590,Data analysis,Mobile,IoT Device
AI-03591,Finance Bot #3591,Recommendation,Mobile,Finance Bot
AI-03592,Marketing Engine #3592,Creative design,Desktop,Education Module
AI-03593,Cybersecurity Tool #3593,Recommendation,Embedded,Creative Generator
AI-03594,AI Assistant #3594,Real-time monitoring,Mobile,Automation Script
AI-03595,Education Module #3595,Translation,CLI,Automation Script
AI-03596,Education Module #3596,Virtual simulation,CLI,Creative Generator
AI-03597,Cybersecurity Tool #3597,Content generation,API,Cybersecurity Tool
AI-03598,Health Tech #3598,Translation,Mobile,Digital Tool
AI-03599,IoT Device #3599,Virtual simulation,Embedded,AI Assistant
AI-03600,Digital Tool #3600,Smart scheduling,Web,AI Assistant
AI-03601,Automation Script #3601,Data analysis,Web,IoT Device
AI-03602,Marketing Engine #3602,Data analysis,CLI,Automation Script
AI-03603,AI Assistant #3603,Customer support,Desktop,Finance Bot
AI-03604,AI Assistant #3604,Creative design,Embedded,Finance Bot
AI-03605,AI Assistant #3605,Data analysis,Web,Finance Bot
AI-03606,Digital Tool #3606,Task automation,Mobile,IoT Device
AI-03607,Finance Bot #3607,Recommendation,Embedded,Health Tech
AI-03608,IoT Device #3608,Smart scheduling,Desktop,Finance Bot
AI-03609,Automation Script #3609,Task automation,API,Finance Bot
AI-03610,Education Module #3610,Creative design,Mobile,IoT Device
AI-03611,Marketing Engine #3611,Translation,Web,AI Assistant
AI-03612,AI Assistant #3612,Task automation,Mobile,Education Module
AI-03613,Marketing Engine #3613,Real-time monitoring,Desktop,Education Module
AI-03614,AI Assistant #3614,Customer support,Mobile,Digital Tool
AI-03615,AI Assistant #3615,Task automation,API,Marketing Engine
AI-03616,Education Module #3616,Translation,API,IoT Device
AI-03617,Creative Generator #3617,Customer support,API,Digital Tool
AI-03618,Digital Tool #3618,Task automation,Desktop,IoT Device
AI-03619,Automation Script #3619,Real-time monitoring,API,IoT Device
AI-03620,Cybersecurity Tool #3620,Virtual simulation,CLI,Finance Bot
AI-03621,IoT Device #3621,Creative design,API,Finance Bot
AI-03622,Creative Generator #3622,Creative design,Mobile,IoT Device
AI-03623,Creative Generator #3623,Recommendation,Embedded,Creative Generator
AI-03624,AI Assistant #3624,Recommendation,CLI,Creative Generator
AI-03625,Education Module #3625,Translation,Embedded,AI Assistant
AI-03626,Digital Tool #3626,Virtual simulation,API,Education Module
AI-03627,Health Tech #3627,Task automation,CLI,Education Module
AI-03628,Creative Generator #3628,Task automation,Embedded,Education Module
AI-03629,Digital Tool #3629,Task automation,CLI,IoT Device
AI-03630,Health Tech #3630,Recommendation,CLI,Creative Generator
AI-03631,AI Assistant #3631,Smart scheduling,API,Cybersecurity Tool
AI-03632,Marketing Engine #3632,Customer support,CLI,Health Tech
AI-03633,Creative Generator #3633,Customer support,Web,Creative Generator
AI-03634,AI Assistant #3634,Data analysis,CLI,Education Module
AI-03635,Creative Generator #3635,Creative design,Embedded,Education Module
AI-03636,Finance Bot #3636,Creative design,API,Cybersecurity Tool
AI-03637,Digital Tool #3637,Real-time monitoring,Web,Digital Tool
AI-03638,Automation Script #3638,Content generation,Web,Cybersecurity Tool
AI-03639,AI Assistant #3639,Translation,Mobile,Health Tech
AI-03640,IoT Device #3640,Creative design,Desktop,Automation Script
AI-03641,IoT Device #3641,Virtual simulation,Desktop,Education Module
AI-03642,Cybersecurity Tool #3642,Translation,API,Cybersecurity Tool
AI-03643,IoT Device #3643,Task automation,CLI,Digital Tool
AI-03644,Digital Tool #3644,Data analysis,CLI,Marketing Engine
AI-03645,Cybersecurity Tool #3645,Recommendation,Web,IoT Device
AI-03646,Digital Tool #3646,Recommendation,API,Education Module
AI-03647,Finance Bot #3647,Virtual simulation,Web,AI Assistant
AI-03648,Health Tech #3648,Task automation,Web,Health Tech
AI-03649,Finance Bot #3649,Virtual simulation,CLI,AI Assistant
AI-03650,Automation Script #3650,Smart scheduling,Mobile,Health Tech
AI-03651,Marketing Engine #3651,Smart scheduling,Mobile,Marketing Engine
AI-03652,Automation Script #3652,Real-time monitoring,CLI,Marketing Engine
AI-03653,Health Tech #3653,Task automation,API,Education Module
AI-03654,Health Tech #3654,Real-time monitoring,API,Cybersecurity Tool
AI-03655,IoT Device #3655,Smart scheduling,CLI,Education Module
AI-03656,AI Assistant #3656,Customer support,Embedded,Education Module
AI-03657,Creative Generator #3657,Creative design,Desktop,Education Module
AI-03658,Education Module #3658,Smart scheduling,Web,Education Module
AI-03659,Finance Bot #3659,Real-time monitoring,Mobile,Automation Script
AI-03660,IoT Device #3660,Smart scheduling,Web,Cybersecurity Tool
AI-03661,Finance Bot #3661,Content generation,Mobile,Education Module
AI-03662,IoT Device #3662,Creative design,API,Creative Generator
AI-03663,Cybersecurity Tool #3663,Customer support,Desktop,Automation Script
AI-03664,AI Assistant #3664,Content generation,Mobile,Education Module
AI-03665,Marketing Engine #3665,Translation,Web,Creative Generator
AI-03666,Digital Tool #3666,Data analysis,Desktop,Automation Script
AI-03667,Digital Tool #3667,Creative design,Web,Creative Generator
AI-03668,Cybersecurity Tool #3668,Content generation,Desktop,AI Assistant
AI-03669,Creative Generator #3669,Smart scheduling,Embedded,Creative Generator
AI-03670,Education Module #3670,Recommendation,Mobile,Creative Generator
AI-03671,Automation Script #3671,Data analysis,API,Health Tech
AI-03672,IoT Device #3672,Data analysis,CLI,Digital Tool
AI-03673,Marketing Engine #3673,Data analysis,Web,Education Module
AI-03674,Automation Script #3674,Real-time monitoring,Web,Health Tech
AI-03675,Cybersecurity Tool #3675,Content generation,Embedded,Digital Tool
AI-03676,IoT Device #3676,Creative design,Desktop,Automation Script
AI-03677,Health Tech #3677,Smart scheduling,API,Automation Script
AI-03678,Marketing Engine #3678,Data analysis,API,AI Assistant
AI-03679,Finance Bot #3679,Task automation,Embedded,Finance Bot
AI-03680,Digital Tool #3680,Virtual simulation,Desktop,Health Tech
AI-03681,Creative Generator #3681,Smart scheduling,Mobile,Cybersecurity Tool
AI-03682,AI Assistant #3682,Creative design,Desktop,Finance Bot
AI-03683,Creative Generator #3683,Customer support,Desktop,Finance Bot
AI-03684,Creative Generator #3684,Real-time monitoring,Web,Health Tech
AI-03685,Health Tech #3685,Creative design,Mobile,IoT Device
AI-03686,Finance Bot #3686,Real-time monitoring,Web,AI Assistant
AI-03687,Education Module #3687,Smart scheduling,CLI,IoT Device
AI-03688,Education Module #3688,Content generation,Embedded,Education Module
AI-03689,IoT Device #3689,Data analysis,CLI,Education Module
AI-03690,Finance Bot #3690,Content generation,Mobile,Automation Script
AI-03691,Automation Script #3691,Smart scheduling,CLI,Education Module
AI-03692,Creative Generator #3692,Smart scheduling,API,Creative Generator
AI-03693,Creative Generator #3693,Virtual simulation,Web,Health Tech
AI-03694,Automation Script #3694,Customer support,Embedded,AI Assistant
AI-03695,AI Assistant #3695,Real-time monitoring,API,Digital Tool
AI-03696,IoT Device #3696,Virtual simulation,Mobile,IoT Device
AI-03697,Automation Script #3697,Customer support,Embedded,Education Module
AI-03698,Marketing Engine #3698,Creative design,API,Automation Script
AI-03699,IoT Device #3699,Recommendation,API,Automation Script
AI-03700,Health Tech #3700,Customer support,Desktop,IoT Device
AI-03701,Health Tech #3701,Task automation,API,Cybersecurity Tool
AI-03702,Digital Tool #3702,Real-time monitoring,API,Health Tech
AI-03703,Marketing Engine #3703,Recommendation,Desktop,AI Assistant
AI-03704,IoT Device #3704,Recommendation,Mobile,Finance Bot
AI-03705,Education Module #3705,Real-time monitoring,Web,Education Module
AI-03706,IoT Device #3706,Smart scheduling,Mobile,Digital Tool
AI-03707,Automation Script #3707,Virtual simulation,CLI,Automation Script
AI-03708,Marketing Engine #3708,Data analysis,Web,Education Module
AI-03709,Automation Script #3709,Customer support,Web,Creative Generator
AI-03710,Creative Generator #3710,Data analysis,API,Digital Tool
AI-03711,Finance Bot #3711,Task automation,Embedded,Creative Generator
AI-03712,Cybersecurity Tool #3712,Recommendation,CLI,AI Assistant
AI-03713,Marketing Engine #3713,Virtual simulation,CLI,Automation Script
AI-03714,Marketing Engine #3714,Translation,Embedded,Health Tech
AI-03715,Creative Generator #3715,Real-time monitoring,Embedded,Marketing Engine
AI-03716,Marketing Engine #3716,Customer support,CLI,Health Tech
AI-03717,Cybersecurity Tool #3717,Creative design,API,Cybersecurity Tool
AI-03718,Creative Generator #3718,Customer support,Web,Digital Tool
AI-03719,IoT Device #3719,Creative design,Embedded,AI Assistant
AI-03720,Creative Generator #3720,Task automation,CLI,Finance Bot
AI-03721,Marketing Engine #3721,Customer support,Desktop,Education Module
AI-03722,Education Module #3722,Recommendation,Web,Creative Generator
AI-03723,AI Assistant #3723,Task automation,Desktop,Creative Generator
AI-03724,Automation Script #3724,Recommendation,Web,Creative Generator
AI-03725,Finance Bot #3725,Data analysis,Web,Marketing Engine
AI-03726,Finance Bot #3726,Smart scheduling,Desktop,Digital Tool
AI-03727,IoT Device #3727,Virtual simulation,Mobile,IoT Device
AI-03728,Cybersecurity Tool #3728,Translation,Mobile,Finance Bot
AI-03729,Education Module #3729,Smart scheduling,Desktop,Marketing Engine
AI-03730,Automation Script #3730,Data analysis,Embedded,Automation Script
AI-03731,Finance Bot #3731,Customer support,Web,AI Assistant
AI-03732,IoT Device #3732,Content generation,Embedded,Creative Generator
AI-03733,Finance Bot #3733,Creative design,Web,Creative Generator
AI-03734,IoT Device #3734,Data analysis,Mobile,Digital Tool
AI-03735,AI Assistant #3735,Task automation,Embedded,Automation Script
AI-03736,IoT Device #3736,Customer support,API,IoT Device
AI-03737,Automation Script #3737,Data analysis,CLI,Health Tech
AI-03738,Digital Tool #3738,Creative design,Desktop,IoT Device
AI-03739,Marketing Engine #3739,Creative design,Desktop,IoT Device
AI-03740,AI Assistant #3740,Real-time monitoring,Web,Digital Tool
AI-03741,Creative Generator #3741,Real-time monitoring,Desktop,Health Tech
AI-03742,Creative Generator #3742,Recommendation,Embedded,Creative Generator
AI-03743,IoT Device #3743,Content generation,API,IoT Device
AI-03744,Cybersecurity Tool #3744,Content generation,CLI,Finance Bot
AI-03745,Education Module #3745,Content generation,Web,Marketing Engine
AI-03746,Cybersecurity Tool #3746,Task automation,Web,Automation Script
AI-03747,Digital Tool #3747,Creative design,CLI,Marketing Engine
AI-03748,Marketing Engine #3748,Smart scheduling,CLI,Cybersecurity Tool
AI-03749,AI Assistant #3749,Data analysis,Embedded,Marketing Engine
AI-03750,Finance Bot #3750,Customer support,API,AI Assistant
AI-03751,AI Assistant #3751,Real-time monitoring,Desktop,Education Module
AI-03752,Education Module #3752,Translation,CLI,Digital Tool
AI-03753,Digital Tool #3753,Customer support,Web,Finance Bot
AI-03754,Cybersecurity Tool #3754,Content generation,Embedded,Cybersecurity Tool
AI-03755,Education Module #3755,Data analysis,Mobile,Finance Bot
AI-03756,Education Module #3756,Translation,CLI,Digital Tool
AI-03757,Marketing Engine #3757,Virtual simulation,Embedded,Digital Tool
AI-03758,Digital Tool #3758,Content generation,Desktop,Digital Tool
AI-03759,AI Assistant #3759,Data analysis,CLI,Education Module
AI-03760,Cybersecurity Tool #3760,Customer support,Web,Marketing Engine
AI-03761,Cybersecurity Tool #3761,Translation,API,Automation Script
AI-03762,AI Assistant #3762,Content generation,Web,Cybersecurity Tool
AI-03763,Health Tech #3763,Customer support,API,Automation Script
AI-03764,AI Assistant #3764,Creative design,Mobile,Automation Script
AI-03765,Creative Generator #3765,Data analysis,Web,Cybersecurity Tool
AI-03766,Digital Tool #3766,Customer support,Mobile,Education Module
AI-03767,AI Assistant #3767,Creative design,API,Marketing Engine
AI-03768,IoT Device #3768,Recommendation,Web,IoT Device
AI-03769,Cybersecurity Tool #3769,Data analysis,Web,Health Tech
AI-03770,Finance Bot #3770,Data analysis,Web,Creative Generator
AI-03771,Cybersecurity Tool #3771,Virtual simulation,Embedded,Finance Bot
AI-03772,Health Tech #3772,Smart scheduling,Embedded,Digital Tool
AI-03773,Creative Generator #3773,Translation,Embedded,IoT Device
AI-03774,Cybersecurity Tool #3774,Creative design,Embedded,Automation Script
AI-03775,Education Module #3775,Virtual simulation,Mobile,Finance Bot
AI-03776,Education Module #3776,Smart scheduling,Web,Creative Generator
AI-03777,Health Tech #3777,Translation,Mobile,Health Tech
AI-03778,Marketing Engine #3778,Smart scheduling,Web,Health Tech
AI-03779,Automation Script #3779,Task automation,API,Health Tech
AI-03780,Digital Tool #3780,Content generation,Web,AI Assistant
AI-03781,Finance Bot #3781,Customer support,Embedded,IoT Device
AI-03782,Finance Bot #3782,Content generation,API,Health Tech
AI-03783,IoT Device #3783,Data analysis,Embedded,Digital Tool
AI-03784,Creative Generator #3784,Translation,Desktop,Finance Bot
AI-03785,Marketing Engine #3785,Creative design,API,Creative Generator
AI-03786,Creative Generator #3786,Recommendation,API,Health Tech
AI-03787,Health Tech #3787,Recommendation,Embedded,Digital Tool
AI-03788,Finance Bot #3788,Real-time monitoring,Embedded,Education Module
AI-03789,Education Module #3789,Smart scheduling,Web,IoT Device
AI-03790,Finance Bot #3790,Data analysis,Desktop,Education Module
AI-03791,Cybersecurity Tool #3791,Task automation,Web,Marketing Engine
AI-03792,Education Module #3792,Real-time monitoring,Desktop,Health Tech
AI-03793,Cybersecurity Tool #3793,Real-time monitoring,Web,AI Assistant
AI-03794,Automation Script #3794,Creative design,API,Health Tech
AI-03795,Marketing Engine #3795,Customer support,Embedded,Education Module
AI-03796,Automation Script #3796,Creative design,API,Finance Bot
AI-03797,Automation Script #3797,Virtual simulation,CLI,Health Tech
AI-03798,AI Assistant #3798,Creative design,Desktop,Finance Bot
AI-03799,Cybersecurity Tool #3799,Data analysis,API,Cybersecurity Tool
AI-03800,Digital Tool #3800,Content generation,Embedded,Cybersecurity Tool
AI-03801,Digital Tool #3801,Smart scheduling,CLI,Finance Bot
AI-03802,Marketing Engine #3802,Recommendation,API,Automation Script
AI-03803,Creative Generator #3803,Translation,Embedded,Health Tech
AI-03804,Marketing Engine #3804,Data analysis,Desktop,Education Module
AI-03805,Cybersecurity Tool #3805,Task automation,CLI,Digital Tool
AI-03806,Marketing Engine #3806,Customer support,Desktop,Creative Generator
AI-03807,Marketing Engine #3807,Virtual simulation,Desktop,Finance Bot
AI-03808,IoT Device #3808,Content generation,Web,Education Module
AI-03809,Creative Generator #3809,Content generation,CLI,Cybersecurity Tool
AI-03810,AI Assistant #3810,Customer support,CLI,Finance Bot
AI-03811,Digital Tool #3811,Task automation,Embedded,IoT Device
AI-03812,Automation Script #3812,Task automation,Embedded,IoT Device
AI-03813,Cybersecurity Tool #3813,Task automation,Mobile,Automation Script
AI-03814,Automation Script #3814,Data analysis,Mobile,Creative Generator
AI-03815,Health Tech #3815,Data analysis,Web,Education Module
AI-03816,Cybersecurity Tool #3816,Data analysis,API,Finance Bot
AI-03817,Creative Generator #3817,Virtual simulation,Desktop,Education Module
AI-03818,IoT Device #3818,Real-time monitoring,Mobile,Automation Script
AI-03819,IoT Device #3819,Recommendation,API,Cybersecurity Tool
AI-03820,Automation Script #3820,Content generation,Desktop,Finance Bot
AI-03821,Cybersecurity Tool #3821,Task automation,Embedded,Finance Bot
AI-03822,AI Assistant #3822,Real-time monitoring,Desktop,Creative Generator
AI-03823,Digital Tool #3823,Customer support,Desktop,Marketing Engine
AI-03824,Creative Generator #3824,Task automation,Embedded,Health Tech
AI-03825,Digital Tool #3825,Creative design,Desktop,Digital Tool
AI-03826,Automation Script #3826,Real-time monitoring,Mobile,Finance Bot
AI-03827,Digital Tool #3827,Creative design,API,Finance Bot
AI-03828,Digital Tool #3828,Virtual simulation,API,Cybersecurity Tool
AI-03829,Health Tech #3829,Task automation,Desktop,Cybersecurity Tool
AI-03830,Digital Tool #3830,Creative design,API,Creative Generator
AI-03831,Education Module #3831,Smart scheduling,Web,Finance Bot
AI-03832,Automation Script #3832,Creative design,CLI,IoT Device
AI-03833,Creative Generator #3833,Virtual simulation,Mobile,Education Module
AI-03834,Finance Bot #3834,Real-time monitoring,CLI,AI Assistant
AI-03835,Marketing Engine #3835,Task automation,Mobile,Cybersecurity Tool
AI-03836,Finance Bot #3836,Translation,Mobile,Creative Generator
AI-03837,Marketing Engine #3837,Recommendation,Desktop,IoT Device
AI-03838,Creative Generator #3838,Real-time monitoring,API,AI Assistant
AI-03839,Creative Generator #3839,Customer support,API,Finance Bot
AI-03840,Digital Tool #3840,Creative design,Mobile,AI Assistant
AI-03841,Digital Tool #3841,Creative design,Desktop,Automation Script
AI-03842,Digital Tool #3842,Recommendation,Embedded,Cybersecurity Tool
AI-03843,Digital Tool #3843,Customer support,Web,AI Assistant
AI-03844,Cybersecurity Tool #3844,Task automation,Desktop,Health Tech
AI-03845,Health Tech #3845,Translation,API,Cybersecurity Tool
AI-03846,IoT Device #3846,Customer support,Desktop,IoT Device
AI-03847,Digital Tool #3847,Task automation,CLI,Health Tech
AI-03848,Health Tech #3848,Creative design,Web,AI Assistant
AI-03849,Education Module #3849,Creative design,Desktop,Automation Script
AI-03850,Automation Script #3850,Virtual simulation,API,AI Assistant
AI-03851,Health Tech #3851,Real-time monitoring,Web,IoT Device
AI-03852,Finance Bot #3852,Smart scheduling,Web,Digital Tool
AI-03853,Education Module #3853,Real-time monitoring,Web,Creative Generator
AI-03854,Marketing Engine #3854,Real-time monitoring,Web,Cybersecurity Tool
AI-03855,Cybersecurity Tool #3855,Smart scheduling,Desktop,Creative Generator
AI-03856,Marketing Engine #3856,Task automation,Desktop,Cybersecurity Tool
AI-03857,Finance Bot #3857,Content generation,Embedded,Health Tech
AI-03858,Health Tech #3858,Smart scheduling,CLI,Creative Generator
AI-03859,Cybersecurity Tool #3859,Creative design,CLI,Education Module
AI-03860,Automation Script #3860,Content generation,CLI,Finance Bot
AI-03861,Marketing Engine #3861,Smart scheduling,Web,IoT Device
AI-03862,Health Tech #3862,Data analysis,Mobile,AI Assistant
AI-03863,Cybersecurity Tool #3863,Content generation,Mobile,Health Tech
AI-03864,Education Module #3864,Translation,CLI,Finance Bot
AI-03865,IoT Device #3865,Content generation,Desktop,Cybersecurity Tool
AI-03866,Creative Generator #3866,Content generation,Embedded,Finance Bot
AI-03867,Digital Tool #3867,Translation,CLI,IoT Device
AI-03868,Finance Bot #3868,Virtual simulation,Embedded,IoT Device
AI-03869,IoT Device #3869,Recommendation,Desktop,Creative Generator
AI-03870,Marketing Engine #3870,Translation,CLI,Education Module
AI-03871,Marketing Engine #3871,Creative design,Mobile,Digital Tool
AI-03872,Finance Bot #3872,Creative design,Mobile,Cybersecurity Tool
AI-03873,Health Tech #3873,Data analysis,CLI,AI Assistant
AI-03874,Health Tech #3874,Task automation,API,Finance Bot
AI-03875,IoT Device #3875,Task automation,Embedded,Finance Bot
AI-03876,Finance Bot #3876,Content generation,Web,Creative Generator
AI-03877,Education Module #3877,Virtual simulation,API,AI Assistant
AI-03878,Marketing Engine #3878,Creative design,Web,Marketing Engine
AI-03879,IoT Device #3879,Recommendation,Embedded,Health Tech
AI-03880,IoT Device #3880,Data analysis,CLI,Education Module
AI-03881,Automation Script #3881,Data analysis,Embedded,Health Tech
AI-03882,IoT Device #3882,Task automation,Embedded,Digital Tool
AI-03883,Education Module #3883,Translation,Embedded,Creative Generator
AI-03884,Health Tech #3884,Virtual simulation,Mobile,AI Assistant
AI-03885,Digital Tool #3885,Task automation,Web,AI Assistant
AI-03886,Digital Tool #3886,Content generation,Embedded,Marketing Engine
AI-03887,Automation Script #3887,Task automation,Embedded,Digital Tool
AI-03888,Finance Bot #3888,Real-time monitoring,API,Health Tech
AI-03889,Finance Bot #3889,Content generation,Embedded,Finance Bot
AI-03890,Education Module #3890,Virtual simulation,Mobile,Cybersecurity Tool
AI-03891,Education Module #3891,Virtual simulation,Web,AI Assistant
AI-03892,Health Tech #3892,Content generation,API,Education Module
AI-03893,Cybersecurity Tool #3893,Content generation,Desktop,IoT Device
AI-03894,Finance Bot #3894,Recommendation,CLI,IoT Device
AI-03895,Marketing Engine #3895,Data analysis,Embedded,Creative Generator
AI-03896,Finance Bot #3896,Smart scheduling,Mobile,Automation Script
AI-03897,Creative Generator #3897,Content generation,Desktop,IoT Device
AI-03898,Automation Script #3898,Real-time monitoring,Web,Marketing Engine
AI-03899,AI Assistant #3899,Task automation,Mobile,Education Module
AI-03900,Digital Tool #3900,Data analysis,Mobile,IoT Device
AI-03901,Education Module #3901,Smart scheduling,Desktop,Automation Script
AI-03902,Creative Generator #3902,Data analysis,Desktop,Health Tech
AI-03903,AI Assistant #3903,Virtual simulation,Desktop,AI Assistant
AI-03904,Education Module #3904,Virtual simulation,API,Marketing Engine
AI-03905,Marketing Engine #3905,Smart scheduling,Embedded,Education Module
AI-03906,Creative Generator #3906,Recommendation,CLI,Marketing Engine
AI-03907,IoT Device #3907,Task automation,API,Digital Tool
AI-03908,Creative Generator #3908,Task automation,Web,Health Tech
AI-03909,IoT Device #3909,Recommendation,Embedded,AI Assistant
AI-03910,Cybersecurity Tool #3910,Content generation,Embedded,Education Module
AI-03911,Cybersecurity Tool #3911,Customer support,CLI,Creative Generator
AI-03912,Creative Generator #3912,Smart scheduling,Desktop,Cybersecurity Tool
AI-03913,IoT Device #3913,Creative design,API,Education Module
AI-03914,IoT Device #3914,Recommendation,Desktop,Finance Bot
AI-03915,Finance Bot #3915,Real-time monitoring,CLI,Digital Tool
AI-03916,Automation Script #3916,Task automation,CLI,Health Tech
AI-03917,Marketing Engine #3917,Data analysis,Desktop,Finance Bot
AI-03918,Automation Script #3918,Task automation,CLI,Digital Tool
AI-03919,Digital Tool #3919,Recommendation,Web,AI Assistant
AI-03920,Marketing Engine #3920,Virtual simulation,Mobile,AI Assistant
AI-03921,AI Assistant #3921,Content generation,API,IoT Device
AI-03922,AI Assistant #3922,Virtual simulation,API,Automation Script
AI-03923,Health Tech #3923,Virtual simulation,Web,Automation Script
AI-03924,Finance Bot #3924,Virtual simulation,Desktop,IoT Device
AI-03925,AI Assistant #3925,Data analysis,CLI,Cybersecurity Tool
AI-03926,Cybersecurity Tool #3926,Content generation,API,Health Tech
AI-03927,Digital Tool #3927,Real-time monitoring,CLI,AI Assistant
AI-03928,Digital Tool #3928,Smart scheduling,Web,Health Tech
AI-03929,Education Module #3929,Virtual simulation,Mobile,Finance Bot
AI-03930,Education Module #3930,Task automation,Web,Automation Script
AI-03931,Education Module #3931,Recommendation,Desktop,Automation Script
AI-03932,Creative Generator #3932,Customer support,CLI,Marketing Engine
AI-03933,Finance Bot #3933,Task automation,API,Automation Script
AI-03934,Finance Bot #3934,Translation,CLI,IoT Device
AI-03935,Automation Script #3935,Smart scheduling,CLI,Cybersecurity Tool
AI-03936,Marketing Engine #3936,Task automation,Embedded,Education Module
AI-03937,Creative Generator #3937,Real-time monitoring,Embedded,Automation Script
AI-03938,Creative Generator #3938,Real-time monitoring,Web,Creative Generator
AI-03939,Digital Tool #3939,Data analysis,Desktop,IoT Device
AI-03940,IoT Device #3940,Customer support,API,Digital Tool
AI-03941,IoT Device #3941,Smart scheduling,Mobile,Creative Generator
AI-03942,Automation Script #3942,Real-time monitoring,Mobile,AI Assistant
AI-03943,Creative Generator #3943,Recommendation,API,Cybersecurity Tool
AI-03944,IoT Device #3944,Creative design,API,AI Assistant
AI-03945,Cybersecurity Tool #3945,Content generation,Mobile,Marketing Engine
AI-03946,Health Tech #3946,Real-time monitoring,Desktop,Cybersecurity Tool
AI-03947,IoT Device #3947,Virtual simulation,CLI,Education Module
AI-03948,IoT Device #3948,Translation,Web,Marketing Engine
AI-03949,IoT Device #3949,Task automation,Desktop,Finance Bot
AI-03950,Health Tech #3950,Data analysis,API,AI Assistant
AI-03951,Finance Bot #3951,Translation,API,Digital Tool
AI-03952,Finance Bot #3952,Customer support,API,Digital Tool
AI-03953,Automation Script #3953,Recommendation,API,AI Assistant
AI-03954,Digital Tool #3954,Translation,Web,AI Assistant
AI-03955,AI Assistant #3955,Content generation,API,IoT Device
AI-03956,Digital Tool #3956,Translation,Web,Marketing Engine
AI-03957,IoT Device #3957,Task automation,Embedded,AI Assistant
AI-03958,Health Tech #3958,Data analysis,Embedded,Creative Generator
AI-03959,Creative Generator #3959,Virtual simulation,Web,Creative Generator
AI-03960,Automation Script #3960,Real-time monitoring,API,Education Module
AI-03961,IoT Device #3961,Real-time monitoring,Mobile,Education Module
AI-03962,AI Assistant #3962,Data analysis,Desktop,Education Module
AI-03963,Marketing Engine #3963,Task automation,Embedded,IoT Device
AI-03964,AI Assistant #3964,Recommendation,API,Digital Tool
AI-03965,AI Assistant #3965,Recommendation,CLI,Health Tech
AI-03966,Marketing Engine #3966,Creative design,Embedded,Creative Generator
AI-03967,Automation Script #3967,Translation,Web,AI Assistant
AI-03968,IoT Device #3968,Customer support,CLI,Finance Bot
AI-03969,Finance Bot #3969,Data analysis,Web,IoT Device
AI-03970,Automation Script #3970,Translation,Mobile,Digital Tool
AI-03971,Finance Bot #3971,Data analysis,Desktop,Creative Generator
AI-03972,Health Tech #3972,Translation,Embedded,Creative Generator
AI-03973,Digital Tool #3973,Creative design,Embedded,Education Module
AI-03974,Marketing Engine #3974,Customer support,Embedded,Digital Tool
AI-03975,Automation Script #3975,Real-time monitoring,CLI,Creative Generator
AI-03976,Digital Tool #3976,Customer support,Desktop,Health Tech
AI-03977,Health Tech #3977,Task automation,Desktop,Creative Generator
AI-03978,IoT Device #3978,Creative design,Desktop,IoT Device
AI-03979,Health Tech #3979,Translation,API,Digital Tool
AI-03980,Creative Generator #3980,Data analysis,Web,Automation Script
AI-03981,Automation Script #3981,Recommendation,Desktop,Cybersecurity Tool
AI-03982,Finance Bot #3982,Task automation,API,Digital Tool
AI-03983,Digital Tool #3983,Customer support,Desktop,Digital Tool
AI-03984,Digital Tool #3984,Recommendation,Embedded,Digital Tool
AI-03985,Finance Bot #3985,Virtual simulation,API,Marketing Engine
AI-03986,Education Module #3986,Smart scheduling,Mobile,Health Tech
AI-03987,Education Module #3987,Translation,API,IoT Device
AI-03988,Digital Tool #3988,Smart scheduling,Web,Digital Tool
AI-03989,AI Assistant #3989,Customer support,API,AI Assistant
AI-03990,IoT Device #3990,Translation,Mobile,Health Tech
AI-03991,Creative Generator #3991,Real-time monitoring,API,Education Module
AI-03992,Digital Tool #3992,Task automation,API,Education Module
AI-03993,Automation Script #3993,Content generation,Web,Marketing Engine
AI-03994,AI Assistant #3994,Real-time monitoring,API,Finance Bot
AI-03995,Creative Generator #3995,Data analysis,Web,Automation Script
AI-03996,Cybersecurity Tool #3996,Creative design,Web,Health Tech
AI-03997,Health Tech #3997,Translation,API,Finance Bot
AI-03998,Finance Bot #3998,Translation,Web,Finance Bot
AI-03999,Automation Script #3999,Content generation,CLI,Health Tech
AI-04000,AI Assistant #4000,Data analysis,Desktop,Automation Script
AI-04001,AI Assistant #4001,Creative design,API,Education Module
AI-04002,Creative Generator #4002,Smart scheduling,Embedded,Marketing Engine
AI-04003,Marketing Engine #4003,Customer support,Web,AI Assistant
AI-04004,Finance Bot #4004,Recommendation,Mobile,Digital Tool
AI-04005,Education Module #4005,Virtual simulation,Embedded,Creative Generator
AI-04006,AI Assistant #4006,Recommendation,Mobile,AI Assistant
AI-04007,AI Assistant #4007,Content generation,Embedded,Education Module
AI-04008,Education Module #4008,Content generation,Web,Marketing Engine
AI-04009,Automation Script #4009,Virtual simulation,Web,Education Module
AI-04010,Education Module #4010,Content generation,Web,Finance Bot
AI-04011,Digital Tool #4011,Customer support,API,Cybersecurity Tool
AI-04012,Marketing Engine #4012,Translation,Desktop,Automation Script
AI-04013,Marketing Engine #4013,Smart scheduling,CLI,Health Tech
AI-04014,Marketing Engine #4014,Customer support,Web,Automation Script
AI-04015,Finance Bot #4015,Data analysis,Mobile,Automation Script
AI-04016,Automation Script #4016,Task automation,Embedded,Cybersecurity Tool
AI-04017,Education Module #4017,Content generation,API,Cybersecurity Tool
AI-04018,Creative Generator #4018,Translation,Embedded,Digital Tool
AI-04019,IoT Device #4019,Customer support,Web,Health Tech
AI-04020,Automation Script #4020,Customer support,Mobile,Education Module
AI-04021,Creative Generator #4021,Virtual simulation,Embedded,Finance Bot
AI-04022,Marketing Engine #4022,Real-time monitoring,Desktop,Marketing Engine
AI-04023,Finance Bot #4023,Virtual simulation,API,Cybersecurity Tool
AI-04024,AI Assistant #4024,Creative design,Mobile,Creative Generator
AI-04025,Automation Script #4025,Task automation,Mobile,Cybersecurity Tool
AI-04026,Health Tech #4026,Smart scheduling,CLI,Education Module
AI-04027,Creative Generator #4027,Task automation,API,Education Module
AI-04028,Finance Bot #4028,Translation,API,IoT Device
AI-04029,Automation Script #4029,Real-time monitoring,Desktop,Marketing Engine
AI-04030,Cybersecurity Tool #4030,Task automation,Desktop,Creative Generator
AI-04031,Automation Script #4031,Customer support,Web,Digital Tool
AI-04032,IoT Device #4032,Content generation,Web,Creative Generator
AI-04033,Automation Script #4033,Smart scheduling,Embedded,Creative Generator
AI-04034,Health Tech #4034,Smart scheduling,Web,Finance Bot
AI-04035,Education Module #4035,Translation,Mobile,Digital Tool
AI-04036,IoT Device #4036,Content generation,Embedded,Finance Bot
AI-04037,Marketing Engine #4037,Task automation,Embedded,Cybersecurity Tool
AI-04038,Digital Tool #4038,Task automation,API,Education Module
AI-04039,Education Module #4039,Data analysis,CLI,Marketing Engine
AI-04040,Marketing Engine #4040,Translation,Mobile,Health Tech
AI-04041,Digital Tool #4041,Translation,Desktop,Automation Script
AI-04042,Automation Script #4042,Real-time monitoring,API,Education Module
AI-04043,AI Assistant #4043,Real-time monitoring,Desktop,Marketing Engine
AI-04044,Digital Tool #4044,Task automation,Web,Automation Script
AI-04045,Education Module #4045,Customer support,Mobile,Finance Bot
AI-04046,AI Assistant #4046,Real-time monitoring,CLI,IoT Device
AI-04047,Cybersecurity Tool #4047,Task automation,CLI,Health Tech
AI-04048,IoT Device #4048,Data analysis,Embedded,Digital Tool
AI-04049,AI Assistant #4049,Smart scheduling,Mobile,AI Assistant
AI-04050,Health Tech #4050,Translation,CLI,AI Assistant
AI-04051,Cybersecurity Tool #4051,Customer support,API,Digital Tool
AI-04052,Finance Bot #4052,Content generation,Desktop,Health Tech
AI-04053,AI Assistant #4053,Creative design,Embedded,Finance Bot
AI-04054,Creative Generator #4054,Task automation,Mobile,Digital Tool
AI-04055,Finance Bot #4055,Recommendation,Web,Health Tech
AI-04056,Education Module #4056,Creative design,CLI,Education Module
AI-04057,Cybersecurity Tool #4057,Virtual simulation,CLI,Creative Generator
AI-04058,Finance Bot #4058,Customer support,Mobile,Education Module
AI-04059,Education Module #4059,Virtual simulation,Desktop,IoT Device
AI-04060,Cybersecurity Tool #4060,Customer support,Web,AI Assistant
AI-04061,Finance Bot #4061,Content generation,Embedded,Digital Tool
AI-04062,Creative Generator #4062,Customer support,Desktop,AI Assistant
AI-04063,Health Tech #4063,Task automation,Web,Cybersecurity Tool
AI-04064,Cybersecurity Tool #4064,Smart scheduling,API,Cybersecurity Tool
AI-04065,AI Assistant #4065,Recommendation,API,Health Tech
AI-04066,Creative Generator #4066,Task automation,Web,IoT Device
AI-04067,Cybersecurity Tool #4067,Data analysis,Web,Creative Generator
AI-04068,AI Assistant #4068,Recommendation,Embedded,Education Module
AI-04069,Education Module #4069,Task automation,Web,Cybersecurity Tool
AI-04070,Creative Generator #4070,Customer support,Mobile,Creative Generator
AI-04071,Health Tech #4071,Creative design,API,Finance Bot
AI-04072,Cybersecurity Tool #4072,Smart scheduling,CLI,Health Tech
AI-04073,Cybersecurity Tool #4073,Virtual simulation,CLI,Education Module
AI-04074,IoT Device #4074,Data analysis,Desktop,Health Tech
AI-04075,Marketing Engine #4075,Real-time monitoring,API,Health Tech
AI-04076,Health Tech #4076,Task automation,API,Education Module
AI-04077,AI Assistant #4077,Real-time monitoring,Embedded,Marketing Engine
AI-04078,Cybersecurity Tool #4078,Virtual simulation,Embedded,IoT Device
AI-04079,Health Tech #4079,Recommendation,Mobile,Digital Tool
AI-04080,Digital Tool #4080,Customer support,CLI,Cybersecurity Tool
AI-04081,Cybersecurity Tool #4081,Translation,API,AI Assistant
AI-04082,Education Module #4082,Real-time monitoring,CLI,IoT Device
AI-04083,Cybersecurity Tool #4083,Real-time monitoring,CLI,Finance Bot
AI-04084,Automation Script #4084,Translation,CLI,Creative Generator
AI-04085,Cybersecurity Tool #4085,Recommendation,Mobile,Cybersecurity Tool
AI-04086,Finance Bot #4086,Recommendation,Desktop,Digital Tool
AI-04087,IoT Device #4087,Translation,Mobile,Digital Tool
AI-04088,IoT Device #4088,Recommendation,API,Automation Script
AI-04089,Digital Tool #4089,Customer support,API,Finance Bot
AI-04090,Creative Generator #4090,Customer support,Mobile,Education Module
AI-04091,Marketing Engine #4091,Data analysis,Web,Education Module
AI-04092,Cybersecurity Tool #4092,Task automation,CLI,Education Module
AI-04093,Digital Tool #4093,Customer support,Embedded,IoT Device
AI-04094,Creative Generator #4094,Recommendation,API,Finance Bot
AI-04095,Finance Bot #4095,Translation,Embedded,Digital Tool
AI-04096,Health Tech #4096,Content generation,Web,Automation Script
AI-04097,Health Tech #4097,Creative design,Web,Digital Tool
AI-04098,IoT Device #4098,Task automation,CLI,Creative Generator
AI-04099,Health Tech #4099,Content generation,CLI,Digital Tool
AI-04100,Health Tech #4100,Customer support,Web,Health Tech
AI-04101,IoT Device #4101,Translation,Mobile,Finance Bot
AI-04102,Health Tech #4102,Data analysis,Web,Marketing Engine
AI-04103,Health Tech #4103,Creative design,API,Cybersecurity Tool
AI-04104,Automation Script #4104,Content generation,Mobile,Creative Generator
AI-04105,IoT Device #4105,Task automation,Mobile,AI Assistant
AI-04106,Education Module #4106,Recommendation,CLI,Digital Tool
AI-04107,Health Tech #4107,Translation,Web,Education Module
AI-04108,Health Tech #4108,Real-time monitoring,CLI,Education Module
AI-04109,IoT Device #4109,Virtual simulation,Mobile,Health Tech
AI-04110,Marketing Engine #4110,Translation,Web,Finance Bot
AI-04111,Creative Generator #4111,Task automation,Web,Marketing Engine
AI-04112,Cybersecurity Tool #4112,Smart scheduling,Embedded,Cybersecurity Tool
AI-04113,AI Assistant #4113,Customer support,CLI,Finance Bot
AI-04114,Education Module #4114,Virtual simulation,API,IoT Device
AI-04115,Education Module #4115,Content generation,Desktop,Creative Generator
AI-04116,Automation Script #4116,Virtual simulation,API,IoT Device
AI-04117,Cybersecurity Tool #4117,Data analysis,Embedded,Finance Bot
AI-04118,Automation Script #4118,Smart scheduling,Embedded,Education Module
AI-04119,Digital Tool #4119,Smart scheduling,Mobile,IoT Device
AI-04120,Marketing Engine #4120,Translation,API,Education Module
AI-04121,Creative Generator #4121,Customer support,Mobile,Creative Generator
AI-04122,Creative Generator #4122,Task automation,Mobile,Education Module
AI-04123,Health Tech #4123,Real-time monitoring,CLI,Health Tech
AI-04124,IoT Device #4124,Translation,Desktop,Automation Script
AI-04125,Marketing Engine #4125,Recommendation,API,Cybersecurity Tool
AI-04126,IoT Device #4126,Creative design,CLI,Digital Tool
AI-04127,Digital Tool #4127,Content generation,Desktop,IoT Device
AI-04128,Cybersecurity Tool #4128,Task automation,Web,Marketing Engine
AI-04129,Automation Script #4129,Creative design,Mobile,AI Assistant
AI-04130,Digital Tool #4130,Customer support,Mobile,Education Module
AI-04131,Cybersecurity Tool #4131,Virtual simulation,CLI,Cybersecurity Tool
AI-04132,AI Assistant #4132,Translation,Mobile,Digital Tool
AI-04133,Education Module #4133,Creative design,Embedded,Education Module
AI-04134,Creative Generator #4134,Smart scheduling,Mobile,Automation Script
AI-04135,Marketing Engine #4135,Smart scheduling,Web,Finance Bot
AI-04136,IoT Device #4136,Recommendation,Web,Health Tech
AI-04137,Automation Script #4137,Creative design,Embedded,Automation Script
AI-04138,Health Tech #4138,Smart scheduling,Web,Automation Script
AI-04139,Education Module #4139,Content generation,Desktop,Creative Generator
AI-04140,Automation Script #4140,Customer support,Web,Automation Script
AI-04141,Digital Tool #4141,Translation,Embedded,Creative Generator
AI-04142,Cybersecurity Tool #4142,Data analysis,API,IoT Device
AI-04143,Marketing Engine #4143,Creative design,Desktop,Cybersecurity Tool
AI-04144,Cybersecurity Tool #4144,Data analysis,CLI,Digital Tool
AI-04145,Cybersecurity Tool #4145,Smart scheduling,Mobile,Cybersecurity Tool
AI-04146,Education Module #4146,Recommendation,Web,Marketing Engine
AI-04147,Health Tech #4147,Real-time monitoring,Web,IoT Device
AI-04148,Health Tech #4148,Translation,Desktop,AI Assistant
AI-04149,Digital Tool #4149,Data analysis,Desktop,Education Module
AI-04150,AI Assistant #4150,Real-time monitoring,CLI,Finance Bot
AI-04151,Finance Bot #4151,Data analysis,Mobile,AI Assistant
AI-04152,Digital Tool #4152,Virtual simulation,Web,Automation Script
AI-04153,Marketing Engine #4153,Customer support,Embedded,Creative Generator
AI-04154,Health Tech #4154,Translation,Mobile,Education Module
AI-04155,Education Module #4155,Customer support,Embedded,Marketing Engine
AI-04156,Automation Script #4156,Recommendation,Desktop,Creative Generator
AI-04157,Digital Tool #4157,Creative design,Web,Education Module
AI-04158,Finance Bot #4158,Virtual simulation,Desktop,Education Module
AI-04159,Automation Script #4159,Smart scheduling,Web,Education Module
AI-04160,Education Module #4160,Real-time monitoring,CLI,Cybersecurity Tool
AI-04161,Cybersecurity Tool #4161,Task automation,Mobile,Education Module
AI-04162,Automation Script #4162,Content generation,API,Creative Generator
AI-04163,Automation Script #4163,Translation,Web,Cybersecurity Tool
AI-04164,Creative Generator #4164,Customer support,Embedded,Finance Bot
AI-04165,Health Tech #4165,Creative design,Mobile,Cybersecurity Tool
AI-04166,Education Module #4166,Customer support,API,Health Tech
AI-04167,Health Tech #4167,Smart scheduling,CLI,Cybersecurity Tool
AI-04168,Finance Bot #4168,Smart scheduling,Mobile,Finance Bot
AI-04169,Creative Generator #4169,Customer support,Embedded,Education Module
AI-04170,Digital Tool #4170,Content generation,Web,IoT Device
AI-04171,Finance Bot #4171,Smart scheduling,Desktop,IoT Device
AI-04172,Finance Bot #4172,Virtual simulation,Embedded,Marketing Engine
AI-04173,Cybersecurity Tool #4173,Task automation,Embedded,IoT Device
AI-04174,Automation Script #4174,Virtual simulation,Web,Creative Generator
AI-04175,Digital Tool #4175,Translation,Mobile,IoT Device
AI-04176,Cybersecurity Tool #4176,Recommendation,Embedded,Automation Script
AI-04177,IoT Device #4177,Real-time monitoring,Web,Automation Script
AI-04178,Marketing Engine #4178,Real-time monitoring,Desktop,Cybersecurity Tool
AI-04179,Marketing Engine #4179,Data analysis,Desktop,Cybersecurity Tool
AI-04180,AI Assistant #4180,Customer support,Web,Cybersecurity Tool
AI-04181,Education Module #4181,Recommendation,Web,Automation Script
AI-04182,Finance Bot #4182,Data analysis,Embedded,IoT Device
AI-04183,Cybersecurity Tool #4183,Data analysis,CLI,IoT Device
AI-04184,Finance Bot #4184,Customer support,Desktop,IoT Device
AI-04185,Cybersecurity Tool #4185,Translation,CLI,Education Module
AI-04186,Health Tech #4186,Virtual simulation,Desktop,AI Assistant
AI-04187,Cybersecurity Tool #4187,Task automation,Web,Digital Tool
AI-04188,Cybersecurity Tool #4188,Translation,CLI,Digital Tool
AI-04189,Automation Script #4189,Recommendation,Web,Creative Generator
AI-04190,Health Tech #4190,Customer support,Desktop,Digital Tool
AI-04191,Education Module #4191,Content generation,Web,IoT Device
AI-04192,IoT Device #4192,Virtual simulation,Embedded,Health Tech
AI-04193,Creative Generator #4193,Data analysis,Desktop,Creative Generator
AI-04194,Creative Generator #4194,Customer support,Mobile,IoT Device
AI-04195,AI Assistant #4195,Customer support,Desktop,Marketing Engine
AI-04196,Automation Script #4196,Real-time monitoring,Web,AI Assistant
AI-04197,Digital Tool #4197,Content generation,Mobile,Automation Script
AI-04198,Education Module #4198,Content generation,Embedded,Creative Generator
AI-04199,Creative Generator #4199,Creative design,CLI,Finance Bot
AI-04200,AI Assistant #4200,Virtual simulation,CLI,AI Assistant
AI-04201,Finance Bot #4201,Smart scheduling,API,Marketing Engine
AI-04202,AI Assistant #4202,Creative design,API,Creative Generator
AI-04203,Automation Script #4203,Virtual simulation,CLI,AI Assistant
AI-04204,Marketing Engine #4204,Customer support,Web,Automation Script
AI-04205,Marketing Engine #4205,Content generation,Mobile,Creative Generator
AI-04206,Health Tech #4206,Customer support,API,Automation Script
AI-04207,Education Module #4207,Task automation,Mobile,Automation Script
AI-04208,Marketing Engine #4208,Translation,Web,Education Module
AI-04209,Education Module #4209,Real-time monitoring,CLI,Health Tech
AI-04210,AI Assistant #4210,Translation,Web,IoT Device
AI-04211,Digital Tool #4211,Real-time monitoring,CLI,Education Module
AI-04212,Digital Tool #4212,Smart scheduling,Mobile,Education Module
AI-04213,Cybersecurity Tool #4213,Recommendation,Embedded,AI Assistant
AI-04214,Creative Generator #4214,Content generation,Desktop,Cybersecurity Tool
AI-04215,AI Assistant #4215,Real-time monitoring,API,Automation Script
AI-04216,IoT Device #4216,Content generation,Desktop,Marketing Engine
AI-04217,Automation Script #4217,Translation,Web,Creative Generator
AI-04218,Health Tech #4218,Data analysis,Desktop,Creative Generator
AI-04219,AI Assistant #4219,Real-time monitoring,Embedded,Health Tech
AI-04220,Health Tech #4220,Recommendation,CLI,Health Tech
AI-04221,IoT Device #4221,Task automation,Mobile,Finance Bot
AI-04222,AI Assistant #4222,Customer support,Web,Health Tech
AI-04223,Digital Tool #4223,Real-time monitoring,Mobile,Creative Generator
AI-04224,IoT Device #4224,Real-time monitoring,Desktop,AI Assistant
AI-04225,AI Assistant #4225,Virtual simulation,Mobile,Creative Generator
AI-04226,Education Module #4226,Smart scheduling,Web,Health Tech
AI-04227,Education Module #4227,Task automation,Desktop,Creative Generator
AI-04228,AI Assistant #4228,Smart scheduling,Desktop,Marketing Engine
AI-04229,Health Tech #4229,Virtual simulation,Embedded,Automation Script
AI-04230,Marketing Engine #4230,Translation,Web,IoT Device
AI-04231,Digital Tool #4231,Translation,Embedded,Creative Generator
AI-04232,Automation Script #4232,Recommendation,Web,IoT Device
AI-04233,Creative Generator #4233,Task automation,API,Health Tech
AI-04234,Marketing Engine #4234,Content generation,Mobile,Health Tech
AI-04235,Cybersecurity Tool #4235,Content generation,Mobile,Automation Script
AI-04236,Education Module #4236,Content generation,Mobile,Marketing Engine
AI-04237,Marketing Engine #4237,Task automation,Web,Digital Tool
AI-04238,Finance Bot #4238,Virtual simulation,Web,AI Assistant
AI-04239,IoT Device #4239,Data analysis,Web,Cybersecurity Tool
AI-04240,Health Tech #4240,Creative design,Desktop,Automation Script
AI-04241,Cybersecurity Tool #4241,Content generation,CLI,Digital Tool
AI-04242,Health Tech #4242,Recommendation,Embedded,Finance Bot
AI-04243,Marketing Engine #4243,Virtual simulation,Web,Creative Generator
AI-04244,Creative Generator #4244,Creative design,API,Finance Bot
AI-04245,Finance Bot #4245,Smart scheduling,Embedded,Cybersecurity Tool
AI-04246,Finance Bot #4246,Task automation,Web,Health Tech
AI-04247,Digital Tool #4247,Task automation,API,Digital Tool
AI-04248,Marketing Engine #4248,Virtual simulation,Desktop,Health Tech
AI-04249,AI Assistant #4249,Virtual simulation,Web,Cybersecurity Tool
AI-04250,Digital Tool #4250,Translation,Embedded,Digital Tool
AI-04251,Marketing Engine #4251,Virtual simulation,CLI,Finance Bot
AI-04252,Finance Bot #4252,Virtual simulation,Web,Health Tech
AI-04253,Education Module #4253,Task automation,CLI,Cybersecurity Tool
AI-04254,Cybersecurity Tool #4254,Customer support,Desktop,Education Module
AI-04255,Digital Tool #4255,Creative design,Mobile,Education Module
AI-04256,Health Tech #4256,Customer support,Mobile,Education Module
AI-04257,Education Module #4257,Data analysis,API,AI Assistant
AI-04258,Cybersecurity Tool #4258,Task automation,API,Education Module
AI-04259,Creative Generator #4259,Translation,Web,Cybersecurity Tool
AI-04260,Marketing Engine #4260,Content generation,Web,Automation Script
AI-04261,Digital Tool #4261,Creative design,Web,Cybersecurity Tool
AI-04262,Digital Tool #4262,Creative design,Web,Digital Tool
AI-04263,AI Assistant #4263,Smart scheduling,Desktop,Creative Generator
AI-04264,AI Assistant #4264,Creative design,Web,Health Tech
AI-04265,Finance Bot #4265,Real-time monitoring,Desktop,Health Tech
AI-04266,Education Module #4266,Creative design,API,Creative Generator
AI-04267,Finance Bot #4267,Customer support,API,Automation Script
AI-04268,IoT Device #4268,Real-time monitoring,Web,IoT Device
AI-04269,Finance Bot #4269,Content generation,Web,Automation Script
AI-04270,AI Assistant #4270,Smart scheduling,API,Finance Bot
AI-04271,Marketing Engine #4271,Data analysis,Embedded,Digital Tool
AI-04272,Automation Script #4272,Smart scheduling,Web,Cybersecurity Tool
AI-04273,Cybersecurity Tool #4273,Content generation,CLI,Finance Bot
AI-04274,Cybersecurity Tool #4274,Creative design,Mobile,Health Tech
AI-04275,Cybersecurity Tool #4275,Virtual simulation,Mobile,Cybersecurity Tool
AI-04276,Finance Bot #4276,Smart scheduling,Mobile,Cybersecurity Tool
AI-04277,IoT Device #4277,Task automation,Embedded,Health Tech
AI-04278,Education Module #4278,Recommendation,Web,Creative Generator
AI-04279,Education Module #4279,Recommendation,Embedded,AI Assistant
AI-04280,Automation Script #4280,Task automation,Mobile,Marketing Engine
AI-04281,Marketing Engine #4281,Data analysis,API,AI Assistant
AI-04282,Automation Script #4282,Virtual simulation,CLI,Education Module
AI-04283,IoT Device #4283,Virtual simulation,CLI,Automation Script
AI-04284,Cybersecurity Tool #4284,Task automation,Embedded,Cybersecurity Tool
AI-04285,Digital Tool #4285,Creative design,Mobile,Education Module
AI-04286,Education Module #4286,Data analysis,Web,Marketing Engine
AI-04287,Health Tech #4287,Recommendation,Web,Marketing Engine
AI-04288,Creative Generator #4288,Real-time monitoring,Desktop,AI Assistant
AI-04289,Cybersecurity Tool #4289,Virtual simulation,API,Education Module
AI-04290,Cybersecurity Tool #4290,Creative design,CLI,IoT Device
AI-04291,Marketing Engine #4291,Data analysis,API,Education Module
AI-04292,Creative Generator #4292,Data analysis,Embedded,Automation Script
AI-04293,AI Assistant #4293,Data analysis,Web,AI Assistant
AI-04294,Finance Bot #4294,Data analysis,Desktop,Digital Tool
AI-04295,AI Assistant #4295,Creative design,Desktop,Creative Generator
AI-04296,IoT Device #4296,Virtual simulation,Desktop,IoT Device
AI-04297,Cybersecurity Tool #4297,Translation,Web,Automation Script
AI-04298,Marketing Engine #4298,Recommendation,Embedded,AI Assistant
AI-04299,Finance Bot #4299,Real-time monitoring,Embedded,Finance Bot
AI-04300,Digital Tool #4300,Task automation,API,Automation Script
AI-04301,Finance Bot #4301,Virtual simulation,Desktop,Digital Tool
AI-04302,Cybersecurity Tool #4302,Virtual simulation,Embedded,Digital Tool
AI-04303,Education Module #4303,Creative design,Desktop,Health Tech
AI-04304,Digital Tool #4304,Smart scheduling,Web,Health Tech
AI-04305,Marketing Engine #4305,Translation,API,Creative Generator
AI-04306,Health Tech #4306,Real-time monitoring,Embedded,Cybersecurity Tool
AI-04307,Finance Bot #4307,Real-time monitoring,Web,IoT Device
AI-04308,Cybersecurity Tool #4308,Content generation,Desktop,Cybersecurity Tool
AI-04309,Digital Tool #4309,Translation,API,Digital Tool
AI-04310,Cybersecurity Tool #4310,Virtual simulation,API,Automation Script
AI-04311,IoT Device #4311,Translation,Mobile,Digital Tool
AI-04312,Automation Script #4312,Recommendation,API,Health Tech
AI-04313,Marketing Engine #4313,Translation,CLI,Digital Tool
AI-04314,Creative Generator #4314,Data analysis,API,Education Module
AI-04315,Education Module #4315,Data analysis,Mobile,Cybersecurity Tool
AI-04316,Automation Script #4316,Smart scheduling,Desktop,Education Module
AI-04317,Health Tech #4317,Customer support,Embedded,IoT Device
AI-04318,AI Assistant #4318,Smart scheduling,CLI,AI Assistant
AI-04319,Digital Tool #4319,Virtual simulation,Desktop,Digital Tool
AI-04320,Marketing Engine #4320,Recommendation,CLI,Digital Tool
AI-04321,Cybersecurity Tool #4321,Data analysis,API,Finance Bot
AI-04322,Health Tech #4322,Customer support,Desktop,Marketing Engine
AI-04323,Digital Tool #4323,Content generation,Web,Marketing Engine
AI-04324,Cybersecurity Tool #4324,Customer support,Embedded,Marketing Engine
AI-04325,Finance Bot #4325,Real-time monitoring,Desktop,Marketing Engine
AI-04326,Cybersecurity Tool #4326,Smart scheduling,API,Automation Script
AI-04327,Health Tech #4327,Task automation,Embedded,Cybersecurity Tool
AI-04328,Creative Generator #4328,Smart scheduling,Web,Creative Generator
AI-04329,IoT Device #4329,Creative design,Mobile,Cybersecurity Tool
AI-04330,Finance Bot #4330,Customer support,CLI,Finance Bot
AI-04331,Finance Bot #4331,Smart scheduling,CLI,Digital Tool
AI-04332,Automation Script #4332,Task automation,Desktop,AI Assistant
AI-04333,Digital Tool #4333,Smart scheduling,Mobile,IoT Device
AI-04334,Cybersecurity Tool #4334,Real-time monitoring,Web,Digital Tool
AI-04335,Education Module #4335,Real-time monitoring,Web,Marketing Engine
AI-04336,IoT Device #4336,Real-time monitoring,Embedded,Digital Tool
AI-04337,Automation Script #4337,Creative design,Web,Cybersecurity Tool
AI-04338,Education Module #4338,Data analysis,API,Finance Bot
AI-04339,Digital Tool #4339,Virtual simulation,API,Automation Script
AI-04340,Marketing Engine #4340,Translation,Desktop,AI Assistant
AI-04341,AI Assistant #4341,Data analysis,CLI,Health Tech
AI-04342,IoT Device #4342,Creative design,Desktop,Digital Tool
AI-04343,Finance Bot #4343,Translation,Mobile,IoT Device
AI-04344,Health Tech #4344,Creative design,Web,Finance Bot
AI-04345,Cybersecurity Tool #4345,Smart scheduling,Embedded,Digital Tool
AI-04346,Digital Tool #4346,Customer support,Web,Automation Script
AI-04347,Health Tech #4347,Creative design,CLI,Education Module
AI-04348,Education Module #4348,Recommendation,Web,Digital Tool
AI-04349,Marketing Engine #4349,Virtual simulation,Embedded,Digital Tool
AI-04350,IoT Device #4350,Task automation,API,Education Module
AI-04351,Automation Script #4351,Real-time monitoring,Web,Marketing Engine
AI-04352,IoT Device #4352,Virtual simulation,API,AI Assistant
AI-04353,Finance Bot #4353,Data analysis,CLI,AI Assistant
AI-04354,IoT Device #4354,Task automation,Desktop,Creative Generator
AI-04355,Finance Bot #4355,Virtual simulation,Embedded,IoT Device
AI-04356,Health Tech #4356,Real-time monitoring,Mobile,Education Module
AI-04357,Marketing Engine #4357,Data analysis,API,AI Assistant
AI-04358,AI Assistant #4358,Creative design,Mobile,AI Assistant
AI-04359,Creative Generator #4359,Virtual simulation,CLI,Health Tech
AI-04360,Automation Script #4360,Smart scheduling,API,Education Module
AI-04361,Marketing Engine #4361,Real-time monitoring,CLI,IoT Device
AI-04362,Creative Generator #4362,Task automation,CLI,Digital Tool
AI-04363,Marketing Engine #4363,Creative design,Embedded,Cybersecurity Tool
AI-04364,Health Tech #4364,Customer support,Embedded,IoT Device
AI-04365,Health Tech #4365,Data analysis,CLI,Finance Bot
AI-04366,IoT Device #4366,Content generation,Embedded,IoT Device
AI-04367,Digital Tool #4367,Recommendation,Embedded,IoT Device
AI-04368,Digital Tool #4368,Virtual simulation,Embedded,Digital Tool
AI-04369,IoT Device #4369,Creative design,Mobile,Digital Tool
AI-04370,IoT Device #4370,Translation,Mobile,Creative Generator
AI-04371,Cybersecurity Tool #4371,Translation,Web,Education Module
AI-04372,Automation Script #4372,Real-time monitoring,Web,Automation Script
AI-04373,Finance Bot #4373,Content generation,Embedded,Education Module
AI-04374,Automation Script #4374,Smart scheduling,Embedded,AI Assistant
AI-04375,Marketing Engine #4375,Real-time monitoring,Web,Health Tech
AI-04376,Finance Bot #4376,Recommendation,Embedded,Creative Generator
AI-04377,Finance Bot #4377,Task automation,API,Digital Tool
AI-04378,AI Assistant #4378,Real-time monitoring,CLI,AI Assistant
AI-04379,Finance Bot #4379,Data analysis,Embedded,Education Module
AI-04380,Education Module #4380,Real-time monitoring,Embedded,Creative Generator
AI-04381,Education Module #4381,Content generation,Mobile,Digital Tool
AI-04382,Automation Script #4382,Customer support,Desktop,IoT Device
AI-04383,Finance Bot #4383,Real-time monitoring,Web,Cybersecurity Tool
AI-04384,Digital Tool #4384,Customer support,Web,Health Tech
AI-04385,Creative Generator #4385,Customer support,Web,IoT Device
AI-04386,Digital Tool #4386,Task automation,Mobile,IoT Device
AI-04387,Digital Tool #4387,Task automation,Mobile,Digital Tool
AI-04388,AI Assistant #4388,Content generation,Desktop,Marketing Engine
AI-04389,Automation Script #4389,Translation,Embedded,Automation Script
AI-04390,Automation Script #4390,Translation,Desktop,IoT Device
AI-04391,Health Tech #4391,Smart scheduling,CLI,AI Assistant
AI-04392,Creative Generator #4392,Creative design,API,Digital Tool
AI-04393,AI Assistant #4393,Virtual simulation,Web,Finance Bot
AI-04394,Marketing Engine #4394,Data analysis,Embedded,Marketing Engine
AI-04395,Education Module #4395,Customer support,Embedded,Creative Generator
AI-04396,Education Module #4396,Smart scheduling,Mobile,Creative Generator
AI-04397,Creative Generator #4397,Task automation,API,Automation Script
AI-04398,Automation Script #4398,Translation,Embedded,Health Tech
AI-04399,Cybersecurity Tool #4399,Customer support,Desktop,AI Assistant
AI-04400,Education Module #4400,Content generation,Embedded,Marketing Engine
AI-04401,IoT Device #4401,Virtual simulation,Embedded,Finance Bot
AI-04402,Education Module #4402,Customer support,API,Digital Tool
AI-04403,Digital Tool #4403,Task automation,Embedded,Automation Script
AI-04404,AI Assistant #4404,Content generation,CLI,Marketing Engine
AI-04405,IoT Device #4405,Task automation,Embedded,Health Tech
AI-04406,IoT Device #4406,Translation,Desktop,AI Assistant
AI-04407,IoT Device #4407,Customer support,CLI,Automation Script
AI-04408,Creative Generator #4408,Customer support,Desktop,AI Assistant
AI-04409,AI Assistant #4409,Task automation,Embedded,Automation Script
AI-04410,Finance Bot #4410,Virtual simulation,Web,Education Module
AI-04411,Education Module #4411,Real-time monitoring,Embedded,Finance Bot
AI-04412,Cybersecurity Tool #4412,Task automation,Mobile,IoT Device
AI-04413,Automation Script #4413,Data analysis,CLI,Health Tech
AI-04414,Finance Bot #4414,Recommendation,API,Marketing Engine
AI-04415,Digital Tool #4415,Customer support,Embedded,Automation Script
AI-04416,AI Assistant #4416,Creative design,Mobile,Digital Tool
AI-04417,Marketing Engine #4417,Recommendation,Desktop,Cybersecurity Tool
AI-04418,Marketing Engine #4418,Translation,CLI,Automation Script
AI-04419,Digital Tool #4419,Creative design,Desktop,Marketing Engine
AI-04420,Creative Generator #4420,Translation,CLI,Education Module
AI-04421,Cybersecurity Tool #4421,Task automation,API,AI Assistant
AI-04422,IoT Device #4422,Recommendation,CLI,Health Tech
AI-04423,Finance Bot #4423,Customer support,Desktop,Digital Tool
AI-04424,Education Module #4424,Virtual simulation,Mobile,IoT Device
AI-04425,Digital Tool #4425,Data analysis,Mobile,IoT Device
AI-04426,Creative Generator #4426,Smart scheduling,Desktop,Education Module
AI-04427,Digital Tool #4427,Data analysis,Mobile,Education Module
AI-04428,Marketing Engine #4428,Creative design,Mobile,Automation Script
AI-04429,Cybersecurity Tool #4429,Content generation,CLI,Finance Bot
AI-04430,IoT Device #4430,Virtual simulation,Web,Cybersecurity Tool
AI-04431,Creative Generator #4431,Recommendation,Desktop,AI Assistant
AI-04432,Education Module #4432,Content generation,Mobile,Marketing Engine
AI-04433,Creative Generator #4433,Translation,Embedded,Digital Tool
AI-04434,AI Assistant #4434,Task automation,Web,IoT Device
AI-04435,IoT Device #4435,Smart scheduling,API,Marketing Engine
AI-04436,Finance Bot #4436,Creative design,Desktop,Marketing Engine
AI-04437,Health Tech #4437,Task automation,Embedded,Marketing Engine
AI-04438,AI Assistant #4438,Smart scheduling,CLI,Creative Generator
AI-04439,Creative Generator #4439,Data analysis,CLI,AI Assistant
AI-04440,Finance Bot #4440,Data analysis,API,Marketing Engine
AI-04441,Automation Script #4441,Virtual simulation,Embedded,AI Assistant
AI-04442,Automation Script #4442,Smart scheduling,Embedded,Health Tech
AI-04443,Digital Tool #4443,Creative design,Embedded,Finance Bot
AI-04444,Marketing Engine #4444,Real-time monitoring,Mobile,Marketing Engine
AI-04445,Cybersecurity Tool #4445,Smart scheduling,Embedded,Creative Generator
AI-04446,IoT Device #4446,Recommendation,Web,Digital Tool
AI-04447,Cybersecurity Tool #4447,Task automation,API,Finance Bot
AI-04448,Health Tech #4448,Virtual simulation,API,Digital Tool
AI-04449,Finance Bot #4449,Virtual simulation,Desktop,Digital Tool
AI-04450,Education Module #4450,Real-time monitoring,Desktop,Finance Bot
AI-04451,Cybersecurity Tool #4451,Smart scheduling,Embedded,AI Assistant
AI-04452,Finance Bot #4452,Recommendation,Web,Creative Generator
AI-04453,Digital Tool #4453,Recommendation,Mobile,Automation Script
AI-04454,Digital Tool #4454,Creative design,Web,Automation Script
AI-04455,Cybersecurity Tool #4455,Creative design,Embedded,Marketing Engine
AI-04456,IoT Device #4456,Content generation,CLI,Creative Generator
AI-04457,Finance Bot #4457,Customer support,CLI,IoT Device
AI-04458,Marketing Engine #4458,Data analysis,Embedded,Cybersecurity Tool
AI-04459,Finance Bot #4459,Creative design,API,IoT Device
AI-04460,Digital Tool #4460,Virtual simulation,CLI,Health Tech
AI-04461,AI Assistant #4461,Content generation,Desktop,Cybersecurity Tool
AI-04462,Digital Tool #4462,Recommendation,Embedded,Creative Generator
AI-04463,IoT Device #4463,Smart scheduling,Mobile,Cybersecurity Tool
AI-04464,Digital Tool #4464,Virtual simulation,API,Marketing Engine
AI-04465,IoT Device #4465,Virtual simulation,Desktop,Cybersecurity Tool
AI-04466,IoT Device #4466,Content generation,API,Marketing Engine
AI-04467,Finance Bot #4467,Content generation,Mobile,Automation Script
AI-04468,AI Assistant #4468,Virtual simulation,CLI,Education Module
AI-04469,Marketing Engine #4469,Creative design,Web,Health Tech
AI-04470,Digital Tool #4470,Data analysis,Web,Creative Generator
AI-04471,Creative Generator #4471,Real-time monitoring,CLI,AI Assistant
AI-04472,Health Tech #4472,Data analysis,API,Health Tech
AI-04473,Finance Bot #4473,Recommendation,API,Digital Tool
AI-04474,IoT Device #4474,Creative design,API,Education Module
AI-04475,Marketing Engine #4475,Real-time monitoring,API,Finance Bot
AI-04476,Education Module #4476,Content generation,CLI,Marketing Engine
AI-04477,AI Assistant #4477,Real-time monitoring,API,Creative Generator
AI-04478,IoT Device #4478,Virtual simulation,Desktop,Automation Script
AI-04479,Health Tech #4479,Creative design,CLI,Creative Generator
AI-04480,Health Tech #4480,Real-time monitoring,Desktop,IoT Device
AI-04481,IoT Device #4481,Creative design,Desktop,Marketing Engine
AI-04482,Health Tech #4482,Recommendation,Embedded,AI Assistant
AI-04483,Education Module #4483,Content generation,CLI,AI Assistant
AI-04484,Cybersecurity Tool #4484,Customer support,API,Creative Generator
AI-04485,Finance Bot #4485,Customer support,API,Education Module
AI-04486,AI Assistant #4486,Creative design,Mobile,Marketing Engine
AI-04487,Finance Bot #4487,Translation,Desktop,Education Module
AI-04488,Education Module #4488,Real-time monitoring,Web,Creative Generator
AI-04489,Education Module #4489,Smart scheduling,Desktop,Health Tech
AI-04490,Creative Generator #4490,Content generation,CLI,AI Assistant
AI-04491,Automation Script #4491,Creative design,CLI,AI Assistant
AI-04492,Health Tech #4492,Data analysis,Web,AI Assistant
AI-04493,AI Assistant #4493,Real-time monitoring,CLI,Education Module
AI-04494,Cybersecurity Tool #4494,Smart scheduling,Embedded,Cybersecurity Tool
AI-04495,Health Tech #4495,Translation,Mobile,Finance Bot
AI-04496,Creative Generator #4496,Virtual simulation,API,Digital Tool
AI-04497,Digital Tool #4497,Smart scheduling,Embedded,Education Module
AI-04498,Automation Script #4498,Real-time monitoring,CLI,Digital Tool
AI-04499,Digital Tool #4499,Virtual simulation,Desktop,Health Tech
AI-04500,Cybersecurity Tool #4500,Recommendation,API,Marketing Engine
AI-04501,Education Module #4501,Creative design,Mobile,Marketing Engine
AI-04502,Automation Script #4502,Smart scheduling,Embedded,Cybersecurity Tool
AI-04503,Cybersecurity Tool #4503,Task automation,Desktop,IoT Device
AI-04504,Creative Generator #4504,Smart scheduling,API,Digital Tool
AI-04505,Marketing Engine #4505,Customer support,Desktop,Health Tech
AI-04506,Automation Script #4506,Task automation,Mobile,Automation Script
AI-04507,Marketing Engine #4507,Real-time monitoring,API,Marketing Engine
AI-04508,Health Tech #4508,Smart scheduling,Web,Digital Tool
AI-04509,Creative Generator #4509,Customer support,Embedded,Finance Bot
AI-04510,Marketing Engine #4510,Content generation,API,Digital Tool
AI-04511,IoT Device #4511,Data analysis,Web,IoT Device
AI-04512,Automation Script #4512,Translation,Desktop,Digital Tool
AI-04513,Creative Generator #4513,Task automation,CLI,Marketing Engine
AI-04514,Health Tech #4514,Creative design,Embedded,Education Module
AI-04515,Finance Bot #4515,Translation,API,Digital Tool
AI-04516,Education Module #4516,Data analysis,Embedded,Digital Tool
AI-04517,Digital Tool #4517,Creative design,Web,Digital Tool
AI-04518,IoT Device #4518,Translation,Web,Cybersecurity Tool
AI-04519,Creative Generator #4519,Creative design,API,Education Module
AI-04520,Finance Bot #4520,Real-time monitoring,Embedded,Cybersecurity Tool
AI-04521,Automation Script #4521,Real-time monitoring,API,Education Module
AI-04522,IoT Device #4522,Creative design,Mobile,Health Tech
AI-04523,Cybersecurity Tool #4523,Data analysis,Web,Health Tech
AI-04524,Creative Generator #4524,Creative design,API,Digital Tool
AI-04525,Cybersecurity Tool #4525,Recommendation,CLI,Creative Generator
AI-04526,Automation Script #4526,Virtual simulation,API,Marketing Engine
AI-04527,Education Module #4527,Virtual simulation,Embedded,Education Module
AI-04528,Marketing Engine #4528,Virtual simulation,Desktop,Digital Tool
AI-04529,Automation Script #4529,Task automation,Desktop,Digital Tool
AI-04530,Health Tech #4530,Customer support,Desktop,Health Tech
AI-04531,Cybersecurity Tool #4531,Content generation,CLI,Digital Tool
AI-04532,Marketing Engine #4532,Recommendation,Desktop,Digital Tool
AI-04533,Automation Script #4533,Data analysis,Embedded,Education Module
AI-04534,Health Tech #4534,Smart scheduling,Web,Education Module
AI-04535,Digital Tool #4535,Real-time monitoring,Embedded,Health Tech
AI-04536,AI Assistant #4536,Content generation,Web,Marketing Engine
AI-04537,Automation Script #4537,Smart scheduling,Embedded,Health Tech
AI-04538,Digital Tool #4538,Content generation,API,Education Module
AI-04539,Finance Bot #4539,Customer support,Mobile,Digital Tool
AI-04540,Health Tech #4540,Virtual simulation,Web,Creative Generator
AI-04541,Cybersecurity Tool #4541,Recommendation,API,IoT Device
AI-04542,Creative Generator #4542,Task automation,Desktop,Health Tech
AI-04543,Digital Tool #4543,Data analysis,CLI,Marketing Engine
AI-04544,Digital Tool #4544,Content generation,CLI,Digital Tool
AI-04545,AI Assistant #4545,Smart scheduling,API,Digital Tool
AI-04546,Finance Bot #4546,Task automation,Embedded,Marketing Engine
AI-04547,Automation Script #4547,Real-time monitoring,Desktop,Creative Generator
AI-04548,Digital Tool #4548,Content generation,Embedded,Creative Generator
AI-04549,Automation Script #4549,Virtual simulation,CLI,Digital Tool
AI-04550,Automation Script #4550,Virtual simulation,CLI,Digital Tool
AI-04551,Marketing Engine #4551,Real-time monitoring,Desktop,Automation Script
AI-04552,Marketing Engine #4552,Creative design,Web,Health Tech
AI-04553,AI Assistant #4553,Translation,API,Automation Script
AI-04554,Health Tech #4554,Smart scheduling,API,AI Assistant
AI-04555,Cybersecurity Tool #4555,Real-time monitoring,Mobile,Cybersecurity Tool
AI-04556,AI Assistant #4556,Virtual simulation,Mobile,AI Assistant
AI-04557,Digital Tool #4557,Task automation,CLI,IoT Device
AI-04558,Marketing Engine #4558,Task automation,API,Health Tech
AI-04559,Digital Tool #4559,Translation,Desktop,Finance Bot
AI-04560,Creative Generator #4560,Recommendation,Web,Education Module
AI-04561,Marketing Engine #4561,Translation,Mobile,Automation Script
AI-04562,AI Assistant #4562,Virtual simulation,Mobile,IoT Device
AI-04563,Digital Tool #4563,Task automation,Web,Automation Script
AI-04564,Marketing Engine #4564,Task automation,CLI,Creative Generator
AI-04565,Finance Bot #4565,Creative design,Desktop,Automation Script
AI-04566,IoT Device #4566,Creative design,Web,IoT Device
AI-04567,Finance Bot #4567,Task automation,API,Digital Tool
AI-04568,Marketing Engine #4568,Smart scheduling,Mobile,Education Module
AI-04569,Finance Bot #4569,Content generation,Embedded,Cybersecurity Tool
AI-04570,AI Assistant #4570,Virtual simulation,Desktop,AI Assistant
AI-04571,Finance Bot #4571,Customer support,CLI,Education Module
AI-04572,Creative Generator #4572,Creative design,Mobile,Education Module
AI-04573,AI Assistant #4573,Customer support,API,Health Tech
AI-04574,Education Module #4574,Task automation,API,Health Tech
AI-04575,Automation Script #4575,Creative design,API,Creative Generator
AI-04576,Automation Script #4576,Content generation,Desktop,IoT Device
AI-04577,Automation Script #4577,Content generation,Mobile,Education Module
AI-04578,Cybersecurity Tool #4578,Data analysis,CLI,Health Tech
AI-04579,Finance Bot #4579,Real-time monitoring,Desktop,Finance Bot
AI-04580,Digital Tool #4580,Content generation,Web,Marketing Engine
AI-04581,AI Assistant #4581,Data analysis,Embedded,Automation Script
AI-04582,Automation Script #4582,Virtual simulation,Mobile,Automation Script
AI-04583,IoT Device #4583,Customer support,Desktop,IoT Device
AI-04584,Creative Generator #4584,Customer support,Embedded,Digital Tool
AI-04585,Automation Script #4585,Creative design,Web,Creative Generator
AI-04586,AI Assistant #4586,Recommendation,Web,IoT Device
AI-04587,Health Tech #4587,Real-time monitoring,CLI,Marketing Engine
AI-04588,Marketing Engine #4588,Creative design,Mobile,Digital Tool
AI-04589,AI Assistant #4589,Content generation,Embedded,IoT Device
AI-04590,Automation Script #4590,Customer support,Desktop,Cybersecurity Tool
AI-04591,Automation Script #4591,Content generation,API,Automation Script
AI-04592,AI Assistant #4592,Content generation,Mobile,AI Assistant
AI-04593,Marketing Engine #4593,Virtual simulation,Desktop,AI Assistant
AI-04594,Automation Script #4594,Creative design,Web,Marketing Engine
AI-04595,Creative Generator #4595,Data analysis,CLI,AI Assistant
AI-04596,IoT Device #4596,Data analysis,Desktop,Marketing Engine
AI-04597,Marketing Engine #4597,Customer support,API,Health Tech
AI-04598,Finance Bot #4598,Task automation,CLI,IoT Device
AI-04599,AI Assistant #4599,Real-time monitoring,API,Digital Tool
AI-04600,Cybersecurity Tool #4600,Data analysis,Web,Health Tech
AI-04601,Digital Tool #4601,Customer support,Web,IoT Device
AI-04602,Digital Tool #4602,Virtual simulation,CLI,Finance Bot
AI-04603,Digital Tool #4603,Task automation,CLI,Health Tech
AI-04604,Finance Bot #4604,Content generation,Desktop,Health Tech
AI-04605,Education Module #4605,Real-time monitoring,Mobile,IoT Device
AI-04606,Education Module #4606,Virtual simulation,Web,Creative Generator
AI-04607,Creative Generator #4607,Recommendation,Web,AI Assistant
AI-04608,Automation Script #4608,Real-time monitoring,API,Cybersecurity Tool
AI-04609,Creative Generator #4609,Smart scheduling,Web,Finance Bot
AI-04610,Digital Tool #4610,Real-time monitoring,CLI,Automation Script
AI-04611,AI Assistant #4611,Virtual simulation,API,Cybersecurity Tool
AI-04612,Marketing Engine #4612,Creative design,Desktop,Finance Bot
AI-04613,Marketing Engine #4613,Translation,Desktop,Creative Generator
AI-04614,Automation Script #4614,Real-time monitoring,Desktop,Creative Generator
AI-04615,Finance Bot #4615,Data analysis,Mobile,IoT Device
AI-04616,Cybersecurity Tool #4616,Data analysis,Web,Education Module
AI-04617,Education Module #4617,Real-time monitoring,Desktop,Health Tech
AI-04618,IoT Device #4618,Content generation,Desktop,Automation Script
AI-04619,Marketing Engine #4619,Customer support,Embedded,Marketing Engine
AI-04620,Digital Tool #4620,Virtual simulation,Web,Health Tech
AI-04621,Automation Script #4621,Data analysis,Embedded,Education Module
AI-04622,Automation Script #4622,Real-time monitoring,Web,Creative Generator
AI-04623,Finance Bot #4623,Data analysis,API,Cybersecurity Tool
AI-04624,Creative Generator #4624,Translation,Desktop,AI Assistant
AI-04625,AI Assistant #4625,Smart scheduling,Mobile,IoT Device
AI-04626,Education Module #4626,Real-time monitoring,CLI,Marketing Engine
AI-04627,AI Assistant #4627,Content generation,Embedded,IoT Device
AI-04628,IoT Device #4628,Content generation,Web,Cybersecurity Tool
AI-04629,Cybersecurity Tool #4629,Customer support,Mobile,Digital Tool
AI-04630,Marketing Engine #4630,Real-time monitoring,Desktop,AI Assistant
AI-04631,Health Tech #4631,Real-time monitoring,Web,Creative Generator
AI-04632,Creative Generator #4632,Virtual simulation,Mobile,Education Module
AI-04633,Finance Bot #4633,Data analysis,Web,Digital Tool
AI-04634,Marketing Engine #4634,Task automation,Mobile,Education Module
AI-04635,Creative Generator #4635,Recommendation,API,Cybersecurity Tool
AI-04636,Digital Tool #4636,Real-time monitoring,CLI,AI Assistant
AI-04637,Creative Generator #4637,Real-time monitoring,Web,Education Module
AI-04638,Automation Script #4638,Recommendation,Desktop,Creative Generator
AI-04639,Cybersecurity Tool #4639,Virtual simulation,API,Education Module
AI-04640,Digital Tool #4640,Content generation,Mobile,Automation Script
AI-04641,Automation Script #4641,Recommendation,CLI,Automation Script
AI-04642,Finance Bot #4642,Real-time monitoring,CLI,Finance Bot
AI-04643,Education Module #4643,Task automation,Web,Automation Script
AI-04644,Automation Script #4644,Real-time monitoring,API,Marketing Engine
AI-04645,Cybersecurity Tool #4645,Data analysis,Embedded,Digital Tool
AI-04646,Creative Generator #4646,Customer support,Mobile,AI Assistant
AI-04647,Creative Generator #4647,Task automation,CLI,Marketing Engine
AI-04648,Automation Script #4648,Virtual simulation,Desktop,AI Assistant
AI-04649,Creative Generator #4649,Data analysis,API,AI Assistant
AI-04650,Digital Tool #4650,Content generation,Web,Finance Bot
AI-04651,Health Tech #4651,Translation,CLI,Cybersecurity Tool
AI-04652,Cybersecurity Tool #4652,Translation,Desktop,AI Assistant
AI-04653,Marketing Engine #4653,Translation,Mobile,Education Module
AI-04654,Digital Tool #4654,Smart scheduling,Mobile,Finance Bot
AI-04655,Marketing Engine #4655,Creative design,Web,Health Tech
AI-04656,AI Assistant #4656,Task automation,Embedded,Automation Script
AI-04657,IoT Device #4657,Task automation,Embedded,IoT Device
AI-04658,AI Assistant #4658,Real-time monitoring,Mobile,Creative Generator
AI-04659,AI Assistant #4659,Real-time monitoring,Desktop,Finance Bot
AI-04660,Education Module #4660,Translation,Embedded,Education Module
AI-04661,Marketing Engine #4661,Customer support,Embedded,Education Module
AI-04662,Digital Tool #4662,Customer support,CLI,Education Module
AI-04663,AI Assistant #4663,Recommendation,Desktop,IoT Device
AI-04664,Creative Generator #4664,Task automation,API,Creative Generator
AI-04665,Finance Bot #4665,Smart scheduling,Embedded,Digital Tool
AI-04666,Cybersecurity Tool #4666,Real-time monitoring,API,Automation Script
AI-04667,IoT Device #4667,Data analysis,CLI,Cybersecurity Tool
AI-04668,Creative Generator #4668,Recommendation,Desktop,Education Module
AI-04669,Cybersecurity Tool #4669,Customer support,Mobile,Digital Tool
AI-04670,Finance Bot #4670,Content generation,CLI,Education Module
AI-04671,Cybersecurity Tool #4671,Creative design,Web,Health Tech
AI-04672,Creative Generator #4672,Content generation,Desktop,Education Module
AI-04673,Health Tech #4673,Translation,Desktop,Health Tech
AI-04674,Automation Script #4674,Virtual simulation,CLI,Health Tech
AI-04675,Finance Bot #4675,Data analysis,Embedded,IoT Device
AI-04676,AI Assistant #4676,Customer support,CLI,Finance Bot
AI-04677,IoT Device #4677,Creative design,Desktop,Automation Script
AI-04678,AI Assistant #4678,Translation,Mobile,Marketing Engine
AI-04679,Automation Script #4679,Data analysis,Desktop,Finance Bot
AI-04680,Finance Bot #4680,Task automation,API,Finance Bot
AI-04681,Marketing Engine #4681,Customer support,Desktop,Automation Script
AI-04682,Finance Bot #4682,Content generation,CLI,Marketing Engine
AI-04683,Digital Tool #4683,Virtual simulation,API,Creative Generator
AI-04684,Marketing Engine #4684,Customer support,Web,Health Tech
AI-04685,Education Module #4685,Content generation,Web,Education Module
AI-04686,IoT Device #4686,Data analysis,Embedded,Education Module
AI-04687,Marketing Engine #4687,Content generation,Web,Marketing Engine
AI-04688,Health Tech #4688,Translation,Web,Automation Script
AI-04689,Automation Script #4689,Creative design,CLI,Marketing Engine
AI-04690,AI Assistant #4690,Customer support,Embedded,Cybersecurity Tool
AI-04691,Education Module #4691,Real-time monitoring,Embedded,Digital Tool
AI-04692,Automation Script #4692,Task automation,Desktop,Automation Script
AI-04693,Cybersecurity Tool #4693,Real-time monitoring,Embedded,Health Tech
AI-04694,Cybersecurity Tool #4694,Smart scheduling,API,Health Tech
AI-04695,Digital Tool #4695,Content generation,CLI,Automation Script
AI-04696,Finance Bot #4696,Task automation,Web,IoT Device
AI-04697,Cybersecurity Tool #4697,Smart scheduling,Embedded,Health Tech
AI-04698,Education Module #4698,Smart scheduling,Embedded,IoT Device
AI-04699,AI Assistant #4699,Smart scheduling,Mobile,Cybersecurity Tool
AI-04700,Health Tech #4700,Task automation,Desktop,Digital Tool
AI-04701,IoT Device #4701,Customer support,CLI,Cybersecurity Tool
AI-04702,Cybersecurity Tool #4702,Content generation,Embedded,AI Assistant
AI-04703,Education Module #4703,Real-time monitoring,CLI,Cybersecurity Tool
AI-04704,IoT Device #4704,Real-time monitoring,CLI,Health Tech
AI-04705,Finance Bot #4705,Smart scheduling,API,Education Module
AI-04706,Cybersecurity Tool #4706,Translation,Embedded,Marketing Engine
AI-04707,Education Module #4707,Recommendation,Web,Education Module
AI-04708,Finance Bot #4708,Creative design,Embedded,Digital Tool
AI-04709,Creative Generator #4709,Smart scheduling,Embedded,Health Tech
AI-04710,Health Tech #4710,Data analysis,API,Digital Tool
AI-04711,IoT Device #4711,Virtual simulation,Embedded,Automation Script
AI-04712,Automation Script #4712,Real-time monitoring,Mobile,Automation Script
AI-04713,Digital Tool #4713,Smart scheduling,Web,IoT Device
AI-04714,Cybersecurity Tool #4714,Real-time monitoring,CLI,Creative Generator
AI-04715,Finance Bot #4715,Smart scheduling,Embedded,AI Assistant
AI-04716,Creative Generator #4716,Customer support,Mobile,Finance Bot
AI-04717,Automation Script #4717,Task automation,Desktop,Finance Bot
AI-04718,Education Module #4718,Virtual simulation,Desktop,AI Assistant
AI-04719,AI Assistant #4719,Virtual simulation,Web,Creative Generator
AI-04720,Finance Bot #4720,Real-time monitoring,API,Health Tech
AI-04721,Creative Generator #4721,Translation,CLI,Education Module
AI-04722,Health Tech #4722,Translation,Embedded,Marketing Engine
AI-04723,Marketing Engine #4723,Customer support,Mobile,Automation Script
AI-04724,AI Assistant #4724,Data analysis,Web,Cybersecurity Tool
AI-04725,Digital Tool #4725,Smart scheduling,Mobile,IoT Device
AI-04726,Creative Generator #4726,Creative design,Mobile,IoT Device
AI-04727,Health Tech #4727,Content generation,API,Digital Tool
AI-04728,IoT Device #4728,Creative design,Mobile,Cybersecurity Tool
AI-04729,Finance Bot #4729,Customer support,Mobile,Cybersecurity Tool
AI-04730,Creative Generator #4730,Content generation,Mobile,Finance Bot
AI-04731,Digital Tool #4731,Content generation,Web,Cybersecurity Tool
AI-04732,AI Assistant #4732,Smart scheduling,CLI,Health Tech
AI-04733,Cybersecurity Tool #4733,Translation,Desktop,Marketing Engine
AI-04734,Creative Generator #4734,Creative design,Mobile,Automation Script
AI-04735,AI Assistant #4735,Task automation,Web,Finance Bot
AI-04736,Creative Generator #4736,Customer support,Embedded,Creative Generator
AI-04737,Cybersecurity Tool #4737,Data analysis,API,IoT Device
AI-04738,Finance Bot #4738,Customer support,Embedded,Digital Tool
AI-04739,Marketing Engine #4739,Content generation,API,Marketing Engine
AI-04740,Marketing Engine #4740,Creative design,Web,Cybersecurity Tool
AI-04741,Digital Tool #4741,Task automation,Web,Digital Tool
AI-04742,AI Assistant #4742,Real-time monitoring,Mobile,Cybersecurity Tool
AI-04743,Health Tech #4743,Data analysis,Web,Education Module
AI-04744,Creative Generator #4744,Data analysis,Desktop,Digital Tool
AI-04745,Finance Bot #4745,Creative design,Mobile,Cybersecurity Tool
AI-04746,Automation Script #4746,Virtual simulation,Desktop,Health Tech
AI-04747,AI Assistant #4747,Translation,Mobile,IoT Device
AI-04748,Marketing Engine #4748,Recommendation,Embedded,Digital Tool
AI-04749,Digital Tool #4749,Data analysis,API,Automation Script
AI-04750,Marketing Engine #4750,Smart scheduling,API,Automation Script
AI-04751,Education Module #4751,Creative design,API,AI Assistant
AI-04752,Finance Bot #4752,Creative design,Desktop,Marketing Engine
AI-04753,Finance Bot #4753,Creative design,Web,Creative Generator
AI-04754,AI Assistant #4754,Task automation,Embedded,Cybersecurity Tool
AI-04755,Education Module #4755,Creative design,Desktop,Creative Generator
AI-04756,IoT Device #4756,Content generation,Desktop,IoT Device
AI-04757,AI Assistant #4757,Creative design,Desktop,Marketing Engine
AI-04758,Automation Script #4758,Content generation,Web,Education Module
AI-04759,Digital Tool #4759,Virtual simulation,Desktop,Digital Tool
AI-04760,Health Tech #4760,Task automation,Embedded,Cybersecurity Tool
AI-04761,IoT Device #4761,Customer support,CLI,Automation Script
AI-04762,Education Module #4762,Virtual simulation,CLI,Cybersecurity Tool
AI-04763,Finance Bot #4763,Customer support,Embedded,Digital Tool
AI-04764,Health Tech #4764,Virtual simulation,Embedded,Creative Generator
AI-04765,Finance Bot #4765,Task automation,Desktop,Creative Generator
AI-04766,Creative Generator #4766,Recommendation,Embedded,Digital Tool
AI-04767,Digital Tool #4767,Data analysis,API,Health Tech
AI-04768,Finance Bot #4768,Smart scheduling,Desktop,Digital Tool
AI-04769,IoT Device #4769,Translation,Desktop,Cybersecurity Tool
AI-04770,Finance Bot #4770,Virtual simulation,Embedded,Digital Tool
AI-04771,Finance Bot #4771,Creative design,CLI,Creative Generator
AI-04772,Finance Bot #4772,Recommendation,Embedded,Marketing Engine
AI-04773,IoT Device #4773,Creative design,API,Creative Generator
AI-04774,Education Module #4774,Smart scheduling,Embedded,Creative Generator
AI-04775,Marketing Engine #4775,Recommendation,API,Digital Tool
AI-04776,IoT Device #4776,Recommendation,CLI,Education Module
AI-04777,Digital Tool #4777,Content generation,Mobile,Finance Bot
AI-04778,Education Module #4778,Content generation,Mobile,Digital Tool
AI-04779,Cybersecurity Tool #4779,Creative design,CLI,Education Module
AI-04780,Finance Bot #4780,Smart scheduling,CLI,AI Assistant
AI-04781,Health Tech #4781,Recommendation,Desktop,Marketing Engine
AI-04782,AI Assistant #4782,Task automation,CLI,Finance Bot
AI-04783,Digital Tool #4783,Virtual simulation,Embedded,Health Tech
AI-04784,Marketing Engine #4784,Recommendation,Web,Marketing Engine
AI-04785,Creative Generator #4785,Creative design,Web,Health Tech
AI-04786,Creative Generator #4786,Recommendation,CLI,Cybersecurity Tool
AI-04787,Automation Script #4787,Creative design,Embedded,Finance Bot
AI-04788,Marketing Engine #4788,Data analysis,Mobile,Marketing Engine
AI-04789,IoT Device #4789,Data analysis,Embedded,Cybersecurity Tool
AI-04790,Marketing Engine #4790,Recommendation,Embedded,IoT Device
AI-04791,Automation Script #4791,Virtual simulation,Embedded,Creative Generator
AI-04792,IoT Device #4792,Virtual simulation,Embedded,Finance Bot
AI-04793,Education Module #4793,Real-time monitoring,Mobile,Health Tech
AI-04794,Automation Script #4794,Customer support,CLI,Cybersecurity Tool
AI-04795,Creative Generator #4795,Content generation,Mobile,Marketing Engine
AI-04796,Education Module #4796,Recommendation,API,AI Assistant
AI-04797,Education Module #4797,Creative design,Desktop,Education Module
AI-04798,Education Module #4798,Creative design,CLI,Digital Tool
AI-04799,AI Assistant #4799,Customer support,API,Digital Tool
AI-04800,Finance Bot #4800,Real-time monitoring,Web,AI Assistant
AI-04801,Health Tech #4801,Creative design,Embedded,Education Module
AI-04802,AI Assistant #4802,Customer support,Embedded,Creative Generator
AI-04803,Creative Generator #4803,Task automation,Mobile,Automation Script
AI-04804,Automation Script #4804,Smart scheduling,API,IoT Device
AI-04805,IoT Device #4805,Data analysis,CLI,Automation Script
AI-04806,Marketing Engine #4806,Creative design,Embedded,Education Module
AI-04807,Marketing Engine #4807,Customer support,Desktop,IoT Device
AI-04808,Creative Generator #4808,Translation,CLI,Cybersecurity Tool
AI-04809,Creative Generator #4809,Recommendation,Desktop,Marketing Engine
AI-04810,Health Tech #4810,Customer support,Web,Automation Script
AI-04811,Health Tech #4811,Virtual simulation,API,Creative Generator
AI-04812,IoT Device #4812,Translation,Desktop,Health Tech
AI-04813,Digital Tool #4813,Customer support,CLI,Automation Script
AI-04814,Marketing Engine #4814,Data analysis,Mobile,Cybersecurity Tool
AI-04815,IoT Device #4815,Task automation,API,AI Assistant
AI-04816,Cybersecurity Tool #4816,Virtual simulation,Web,IoT Device
AI-04817,Finance Bot #4817,Recommendation,CLI,Cybersecurity Tool
AI-04818,Finance Bot #4818,Content generation,Embedded,Automation Script
AI-04819,Automation Script #4819,Smart scheduling,Embedded,AI Assistant
AI-04820,Automation Script #4820,Creative design,API,Health Tech
AI-04821,IoT Device #4821,Content generation,Mobile,Cybersecurity Tool
AI-04822,IoT Device #4822,Customer support,Mobile,Health Tech
AI-04823,Finance Bot #4823,Content generation,Mobile,Marketing Engine
AI-04824,Creative Generator #4824,Recommendation,Mobile,Health Tech
AI-04825,Marketing Engine #4825,Data analysis,CLI,IoT Device
AI-04826,Marketing Engine #4826,Task automation,Web,Health Tech
AI-04827,Health Tech #4827,Recommendation,Mobile,IoT Device
AI-04828,Automation Script #4828,Real-time monitoring,Embedded,Cybersecurity Tool
AI-04829,AI Assistant #4829,Creative design,Mobile,AI Assistant
AI-04830,Health Tech #4830,Smart scheduling,API,Health Tech
AI-04831,AI Assistant #4831,Translation,Embedded,Cybersecurity Tool
AI-04832,AI Assistant #4832,Recommendation,CLI,Marketing Engine
AI-04833,Marketing Engine #4833,Task automation,CLI,IoT Device
AI-04834,Digital Tool #4834,Recommendation,API,Education Module
AI-04835,AI Assistant #4835,Real-time monitoring,Embedded,Education Module
AI-04836,Marketing Engine #4836,Creative design,CLI,Digital Tool
AI-04837,IoT Device #4837,Customer support,Embedded,Education Module
AI-04838,Digital Tool #4838,Smart scheduling,Web,Finance Bot
AI-04839,Cybersecurity Tool #4839,Content generation,API,Finance Bot
AI-04840,Finance Bot #4840,Data analysis,Embedded,Health Tech
AI-04841,AI Assistant #4841,Virtual simulation,CLI,Cybersecurity Tool
AI-04842,Automation Script #4842,Smart scheduling,Desktop,Digital Tool
AI-04843,Education Module #4843,Translation,Desktop,IoT Device
AI-04844,Education Module #4844,Customer support,Embedded,Creative Generator
AI-04845,Cybersecurity Tool #4845,Recommendation,Mobile,Health Tech
AI-04846,Digital Tool #4846,Real-time monitoring,Web,Education Module
AI-04847,Education Module #4847,Data analysis,Mobile,Digital Tool
AI-04848,Education Module #4848,Recommendation,API,Health Tech
AI-04849,IoT Device #4849,Content generation,Web,Automation Script
AI-04850,Marketing Engine #4850,Real-time monitoring,Embedded,Creative Generator
AI-04851,Digital Tool #4851,Smart scheduling,Mobile,Digital Tool
AI-04852,Health Tech #4852,Translation,Mobile,Cybersecurity Tool
AI-04853,Cybersecurity Tool #4853,Recommendation,Mobile,Creative Generator
AI-04854,Education Module #4854,Real-time monitoring,Desktop,Automation Script
AI-04855,Marketing Engine #4855,Smart scheduling,Mobile,Education Module
AI-04856,AI Assistant #4856,Task automation,API,AI Assistant
AI-04857,Automation Script #4857,Task automation,API,IoT Device
AI-04858,Creative Generator #4858,Smart scheduling,Embedded,Cybersecurity Tool
AI-04859,Digital Tool #4859,Data analysis,CLI,Creative Generator
AI-04860,Cybersecurity Tool #4860,Data analysis,Desktop,Digital Tool
AI-04861,Digital Tool #4861,Creative design,Web,Creative Generator
AI-04862,IoT Device #4862,Recommendation,API,Health Tech
AI-04863,IoT Device #4863,Recommendation,Desktop,Digital Tool
AI-04864,Cybersecurity Tool #4864,Content generation,CLI,IoT Device
AI-04865,Health Tech #4865,Customer support,Mobile,Cybersecurity Tool
AI-04866,Marketing Engine #4866,Customer support,Web,Cybersecurity Tool
AI-04867,Marketing Engine #4867,Task automation,Desktop,Marketing Engine
AI-04868,Creative Generator #4868,Task automation,CLI,Education Module
AI-04869,IoT Device #4869,Data analysis,Web,Marketing Engine
AI-04870,Finance Bot #4870,Creative design,CLI,Creative Generator
AI-04871,Automation Script #4871,Content generation,Desktop,Education Module
AI-04872,Cybersecurity Tool #4872,Real-time monitoring,Embedded,Creative Generator
AI-04873,Finance Bot #4873,Recommendation,API,Creative Generator
AI-04874,Health Tech #4874,Real-time monitoring,Embedded,AI Assistant
AI-04875,Digital Tool #4875,Translation,Desktop,Finance Bot
AI-04876,Health Tech #4876,Smart scheduling,API,Health Tech
AI-04877,Education Module #4877,Content generation,Web,Automation Script
AI-04878,Marketing Engine #4878,Data analysis,Mobile,Digital Tool
AI-04879,Digital Tool #4879,Customer support,Web,Creative Generator
AI-04880,Cybersecurity Tool #4880,Real-time monitoring,CLI,Health Tech
AI-04881,AI Assistant #4881,Real-time monitoring,Web,Education Module
AI-04882,Automation Script #4882,Real-time monitoring,Web,Creative Generator
AI-04883,AI Assistant #4883,Real-time monitoring,Desktop,Cybersecurity Tool
AI-04884,AI Assistant #4884,Task automation,CLI,Cybersecurity Tool
AI-04885,Digital Tool #4885,Creative design,Embedded,IoT Device
AI-04886,Creative Generator #4886,Data analysis,CLI,Health Tech
AI-04887,Creative Generator #4887,Recommendation,Web,Digital Tool
AI-04888,Automation Script #4888,Smart scheduling,API,Digital Tool
AI-04889,Cybersecurity Tool #4889,Recommendation,Mobile,Education Module
AI-04890,Education Module #4890,Virtual simulation,Web,Health Tech
AI-04891,Creative Generator #4891,Virtual simulation,Mobile,Digital Tool
AI-04892,Cybersecurity Tool #4892,Real-time monitoring,Desktop,AI Assistant
AI-04893,Creative Generator #4893,Recommendation,Embedded,Cybersecurity Tool
AI-04894,Education Module #4894,Real-time monitoring,Embedded,Cybersecurity Tool
AI-04895,Marketing Engine #4895,Creative design,Embedded,Health Tech
AI-04896,Digital Tool #4896,Task automation,API,Health Tech
AI-04897,Marketing Engine #4897,Smart scheduling,Desktop,Cybersecurity Tool
AI-04898,Cybersecurity Tool #4898,Creative design,CLI,Digital Tool
AI-04899,Cybersecurity Tool #4899,Virtual simulation,Mobile,Finance Bot
AI-04900,Creative Generator #4900,Data analysis,Desktop,Digital Tool
AI-04901,Education Module #4901,Translation,Embedded,Finance Bot
AI-04902,AI Assistant #4902,Data analysis,Desktop,Automation Script
AI-04903,Creative Generator #4903,Translation,Web,Creative Generator
AI-04904,Automation Script #4904,Translation,Embedded,Creative Generator
AI-04905,IoT Device #4905,Recommendation,Web,Health Tech
AI-04906,Education Module #4906,Real-time monitoring,Embedded,Marketing Engine
AI-04907,Cybersecurity Tool #4907,Translation,Web,Digital Tool
AI-04908,Health Tech #4908,Virtual simulation,API,Creative Generator
AI-04909,IoT Device #4909,Smart scheduling,Web,Finance Bot
AI-04910,AI Assistant #4910,Task automation,Web,AI Assistant
AI-04911,Automation Script #4911,Customer support,Desktop,AI Assistant
AI-04912,Cybersecurity Tool #4912,Data analysis,CLI,Creative Generator
AI-04913,Marketing Engine #4913,Real-time monitoring,API,AI Assistant
AI-04914,AI Assistant #4914,Content generation,Embedded,Digital Tool
AI-04915,Automation Script #4915,Creative design,Embedded,Creative Generator
AI-04916,Health Tech #4916,Real-time monitoring,Desktop,Creative Generator
AI-04917,Creative Generator #4917,Smart scheduling,Desktop,Automation Script
AI-04918,IoT Device #4918,Virtual simulation,Desktop,IoT Device
AI-04919,IoT Device #4919,Translation,Mobile,Creative Generator
AI-04920,Automation Script #4920,Customer support,API,Education Module
AI-04921,Cybersecurity Tool #4921,Data analysis,API,Education Module
AI-04922,Education Module #4922,Smart scheduling,Web,Education Module
AI-04923,Education Module #4923,Customer support,API,AI Assistant
AI-04924,IoT Device #4924,Creative design,API,Cybersecurity Tool
AI-04925,Cybersecurity Tool #4925,Task automation,API,Finance Bot
AI-04926,IoT Device #4926,Translation,Web,Marketing Engine
AI-04927,IoT Device #4927,Customer support,Embedded,Marketing Engine
AI-04928,Marketing Engine #4928,Translation,API,Education Module
AI-04929,Digital Tool #4929,Translation,Web,Education Module
AI-04930,AI Assistant #4930,Data analysis,Web,Education Module
AI-04931,Digital Tool #4931,Smart scheduling,Mobile,Finance Bot
AI-04932,Cybersecurity Tool #4932,Real-time monitoring,Web,Cybersecurity Tool
AI-04933,Creative Generator #4933,Translation,API,Marketing Engine
AI-04934,Marketing Engine #4934,Translation,Embedded,Cybersecurity Tool
AI-04935,Education Module #4935,Task automation,CLI,AI Assistant
AI-04936,Cybersecurity Tool #4936,Real-time monitoring,CLI,Cybersecurity Tool
AI-04937,Automation Script #4937,Task automation,CLI,AI Assistant
AI-04938,Cybersecurity Tool #4938,Smart scheduling,CLI,IoT Device
AI-04939,Education Module #4939,Content generation,CLI,Marketing Engine
AI-04940,Health Tech #4940,Translation,Desktop,Digital Tool
AI-04941,Automation Script #4941,Recommendation,Desktop,Cybersecurity Tool
AI-04942,Digital Tool #4942,Recommendation,Web,IoT Device
AI-04943,Digital Tool #4943,Real-time monitoring,Mobile,Education Module
AI-04944,Digital Tool #4944,Data analysis,API,Creative Generator
AI-04945,Education Module #4945,Recommendation,API,AI Assistant
AI-04946,Cybersecurity Tool #4946,Data analysis,API,Digital Tool
AI-04947,Education Module #4947,Content generation,Desktop,Education Module
AI-04948,Creative Generator #4948,Virtual simulation,Embedded,Marketing Engine
AI-04949,Health Tech #4949,Translation,Mobile,Digital Tool
AI-04950,AI Assistant #4950,Recommendation,Web,Creative Generator
AI-04951,Health Tech #4951,Content generation,Embedded,Automation Script
AI-04952,Education Module #4952,Data analysis,Mobile,Finance Bot
AI-04953,IoT Device #4953,Virtual simulation,CLI,Finance Bot
AI-04954,Education Module #4954,Translation,Embedded,Education Module
AI-04955,Digital Tool #4955,Real-time monitoring,API,Finance Bot
AI-04956,Automation Script #4956,Real-time monitoring,CLI,Cybersecurity Tool
AI-04957,Marketing Engine #4957,Content generation,CLI,AI Assistant
AI-04958,Health Tech #4958,Real-time monitoring,Desktop,Education Module
AI-04959,AI Assistant #4959,Virtual simulation,Web,AI Assistant
AI-04960,Automation Script #4960,Data analysis,Embedded,Automation Script
AI-04961,Health Tech #4961,Virtual simulation,Web,Digital Tool
AI-04962,Digital Tool #4962,Recommendation,Mobile,Creative Generator
AI-04963,Health Tech #4963,Content generation,Embedded,Cybersecurity Tool
AI-04964,Finance Bot #4964,Real-time monitoring,Web,Finance Bot
AI-04965,Cybersecurity Tool #4965,Smart scheduling,Desktop,Digital Tool
AI-04966,Education Module #4966,Virtual simulation,API,Health Tech
AI-04967,IoT Device #4967,Content generation,Desktop,Automation Script
AI-04968,Education Module #4968,Task automation,Desktop,Digital Tool
AI-04969,Health Tech #4969,Virtual simulation,Mobile,Health Tech
AI-04970,Marketing Engine #4970,Recommendation,Embedded,Health Tech
AI-04971,Marketing Engine #4971,Virtual simulation,Embedded,Education Module
AI-04972,Automation Script #4972,Virtual simulation,Embedded,Digital Tool
AI-04973,AI Assistant #4973,Virtual simulation,Web,Cybersecurity Tool
AI-04974,IoT Device #4974,Creative design,Embedded,AI Assistant
AI-04975,Health Tech #4975,Data analysis,API,Finance Bot
AI-04976,Education Module #4976,Content generation,API,AI Assistant
AI-04977,Marketing Engine #4977,Creative design,Desktop,Health Tech
AI-04978,Automation Script #4978,Recommendation,API,Health Tech
AI-04979,Health Tech #4979,Content generation,Embedded,Digital Tool
AI-04980,AI Assistant #4980,Recommendation,CLI,Digital Tool
AI-04981,Cybersecurity Tool #4981,Real-time monitoring,Mobile,Education Module
AI-04982,Creative Generator #4982,Smart scheduling,Mobile,Health Tech
AI-04983,Cybersecurity Tool #4983,Task automation,Embedded,Cybersecurity Tool
AI-04984,Digital Tool #4984,Smart scheduling,API,IoT Device
AI-04985,Education Module #4985,Data analysis,Web,Automation Script
AI-04986,Cybersecurity Tool #4986,Real-time monitoring,Embedded,Digital Tool
AI-04987,IoT Device #4987,Content generation,Mobile,IoT Device
AI-04988,Finance Bot #4988,Recommendation,API,AI Assistant
AI-04989,AI Assistant #4989,Data analysis,API,Finance Bot
AI-04990,Education Module #4990,Translation,Embedded,Marketing Engine
AI-04991,Creative Generator #4991,Customer support,Embedded,Finance Bot
AI-04992,Cybersecurity Tool #4992,Content generation,Desktop,AI Assistant
AI-04993,Finance Bot #4993,Virtual simulation,CLI,AI Assistant
AI-04994,Digital Tool #4994,Creative design,API,Education Module
AI-04995,Finance Bot #4995,Smart scheduling,Mobile,IoT Device
AI-04996,Cybersecurity Tool #4996,Real-time monitoring,Desktop,Finance Bot
AI-04997,Cybersecurity Tool #4997,Data analysis,CLI,Education Module
AI-04998,Finance Bot #4998,Virtual simulation,Web,Digital Tool
AI-04999,Marketing Engine #4999,Smart scheduling,API,Marketing Engine
AI-05000,Automation Script #5000,Content generation,Embedded,Education Module